PLAYER_ID,PLAYER_NAME,TEAM_ABBREVIATION,O_IPM,D_IPM,IPM,POSS,SEASON,SEASON_TYPE
203999,N. Jokić,DEN,4.93,0.85,5.78,9731,2022-23,Regular Season
203954,J. Embiid,PHI,3.36,1.86,5.22,9263,2022-23,Regular Season
1628401,D. White,BOS,1.59,2.15,3.74,9613,2022-23,Regular Season
202695,K. Leonard,LAC,2.82,0.77,3.59,7162,2022-23,Regular Season
1628991,J. Jackson Jr.,MEM,1.08,2.38,3.46,7678,2022-23,Regular Season
203076,A. Davis,LAL,0.9,2.52,3.42,8166,2022-23,Regular Season
1628369,J. Tatum,BOS,2.94,0.37,3.31,11386,2022-23,Regular Season
201950,J. Holiday,MIL,1.91,1.38,3.29,9336,2022-23,Regular Season
201142,K. Durant,PHX,2.2,1.07,3.27,6933,2022-23,Regular Season
1628983,S. Gilgeous-Alexander,OKC,2.91,0.3,3.21,10468,2022-23,Regular Season
1629651,N. Claxton,BKN,0.85,2.12,2.97,9319,2022-23,Regular Season
1628404,J. Hart,NYK,2.09,0.83,2.92,10151,2022-23,Regular Season
203081,D. Lillard,POR,4.03,-1.17,2.86,8789,2022-23,Regular Season
203507,G. Antetokounmpo,MIL,2.1,0.7,2.8,8690,2022-23,Regular Season
202710,J. Butler III,MIA,2.95,-0.19,2.76,8652,2022-23,Regular Season
1630217,D. Bane,MEM,1.7,0.98,2.68,7930,2022-23,Regular Season
202681,K. Irving,DAL,2.7,-0.04,2.66,9190,2022-23,Regular Season
203932,A. Gordon,DEN,1.98,0.6,2.58,8585,2022-23,Regular Season
201935,J. Harden,PHI,2.6,-0.08,2.52,8565,2022-23,Regular Season
201939,S. Curry,GSW,2.79,-0.28,2.51,8484,2022-23,Regular Season
201572,B. Lopez,MIL,-0.07,2.57,2.5,10096,2022-23,Regular Season
1626164,D. Booker,PHX,2.99,-0.52,2.47,7634,2022-23,Regular Season
1627936,A. Caruso,CHI,-0.17,2.56,2.39,6509,2022-23,Regular Season
1626204,L. Nance Jr.,NOP,0.81,1.56,2.37,5775,2022-23,Regular Season
1629636,D. Garland,CLE,1.94,0.41,2.35,9847,2022-23,Regular Season
204001,K. Porziņģis,WAS,1.55,0.8,2.35,8819,2022-23,Regular Season
1629029,L. Dončić,DAL,2.83,-0.48,2.35,9773,2022-23,Regular Season
1628374,L. Markkanen,UTA,1.57,0.76,2.33,9669,2022-23,Regular Season
1630193,I. Quickley,NYK,-0.06,2.35,2.29,9591,2022-23,Regular Season
203110,D. Green,GSW,0.33,1.91,2.24,9895,2022-23,Regular Season
1629661,C. Johnson,BKN,0.87,1.28,2.15,4952,2022-23,Regular Season
2544,L. James,LAL,1.59,0.55,2.14,8368,2022-23,Regular Season
1629011,M. Robinson,NYK,0.98,1.05,2.03,6429,2022-23,Regular Season
1629627,Z. Williamson,NOP,1.2,0.81,2.01,4078,2022-23,Regular Season
202331,P. George,LAC,1.45,0.55,2.0,7953,2022-23,Regular Season
1626172,K. Looney,GSW,1.67,0.33,2.0,8305,2022-23,Regular Season
1626153,D. Wright,WAS,0.58,1.42,2.0,5075,2022-23,Regular Season
1630169,T. Haliburton,IND,2.8,-0.82,1.98,7984,2022-23,Regular Season
1628386,J. Allen,CLE,0.9,1.05,1.95,8912,2022-23,Regular Season
1630559,A. Reaves,LAL,1.33,0.58,1.91,7942,2022-23,Regular Season
1628378,D. Mitchell,CLE,1.65,0.16,1.81,9839,2022-23,Regular Season
201587,N. Batum,LAC,0.74,1.01,1.75,7159,2022-23,Regular Season
1629008,M. Porter Jr.,DEN,1.65,0.07,1.72,7525,2022-23,Regular Season
1631117,W. Kessler,UTA,0.22,1.43,1.65,7258,2022-23,Regular Season
1629630,J. Morant,MEM,0.98,0.65,1.63,8386,2022-23,Regular Season
1630529,H. Jones,NOP,0.57,1.06,1.63,8076,2022-23,Regular Season
1628973,J. Brunson,NYK,2.62,-1.06,1.56,9736,2022-23,Regular Season
203484,K. Caldwell-Pope,DEN,0.91,0.64,1.55,9987,2022-23,Regular Season
1627734,D. Sabonis,SAC,2.18,-0.64,1.54,11495,2022-23,Regular Season
101108,C. Paul,PHX,1.0,0.52,1.52,7702,2022-23,Regular Season
1627832,F. VanVleet,TOR,1.31,0.21,1.52,10431,2022-23,Regular Season
1629723,J. Konchar,MEM,-0.13,1.61,1.48,6433,2022-23,Regular Season
203939,D. Powell,DAL,1.15,0.33,1.48,5902,2022-23,Regular Season
201942,D. DeRozan,CHI,0.81,0.61,1.42,11083,2022-23,Regular Season
202692,A. Burks,DET,1.45,-0.04,1.41,4793,2022-23,Regular Season
1630532,F. Wagner,ORL,-0.04,1.42,1.38,11003,2022-23,Regular Season
1626167,M. Turner,IND,0.63,0.71,1.34,7707,2022-23,Regular Season
201143,A. Horford,BOS,0.84,0.49,1.33,8003,2022-23,Regular Season
1630168,O. Okongwu,ATL,0.42,0.88,1.3,7822,2022-23,Regular Season
1629026,K. Williams,OKC,0.25,1.03,1.28,5095,2022-23,Regular Season
203488,M. Muscala,BOS,0.88,0.39,1.27,4054,2022-23,Regular Season
1628379,L. Kennard,MEM,1.32,-0.08,1.24,5451,2022-23,Regular Season
203501,T. Hardaway Jr.,DAL,0.95,0.27,1.22,8753,2022-23,Regular Season
1626224,C. Osman,CLE,0.89,0.3,1.19,6261,2022-23,Regular Season
1630596,E. Mobley,CLE,-0.04,1.21,1.17,10928,2022-23,Regular Season
203084,H. Barnes,SAC,1.36,-0.21,1.15,11261,2022-23,Regular Season
201144,M. Conley,MIN,1.83,-0.71,1.12,8492,2022-23,Regular Season
1628389,B. Adebayo,MIA,0.09,1.02,1.11,10505,2022-23,Regular Season
203937,K. Anderson,MIN,0.53,0.51,1.04,8268,2022-23,Regular Season
203500,S. Adams,MEM,0.4,0.58,0.98,4832,2022-23,Regular Season
1629639,T. Herro,MIA,0.81,0.15,0.96,9423,2022-23,Regular Season
1630178,T. Maxey,PHI,1.64,-0.69,0.95,8168,2022-23,Regular Season
1627884,D. Jones Jr.,CHI,-0.2,1.1,0.9,3745,2022-23,Regular Season
1630573,S. Hauser,BOS,0.38,0.52,0.9,5380,2022-23,Regular Season
1630688,I. Wainright,PHX,-0.02,0.91,0.89,3833,2022-23,Regular Season
1629632,C. White,CHI,1.0,-0.12,0.88,7221,2022-23,Regular Season
1628978,D. DiVincenzo,GSW,0.03,0.82,0.85,8165,2022-23,Regular Season
203944,J. Randle,NYK,1.5,-0.65,0.85,11221,2022-23,Regular Season
1627783,P. Siakam,TOR,0.98,-0.16,0.82,10893,2022-23,Regular Season
1630198,I. Joe,OKC,1.69,-0.87,0.82,5964,2022-23,Regular Season
1629057,R. Williams III,BOS,-0.28,1.09,0.81,3405,2022-23,Regular Season
1629006,J. Okogie,PHX,-0.39,1.2,0.81,5649,2022-23,Regular Season
1631132,C. Koloko,TOR,-0.82,1.63,0.81,3326,2022-23,Regular Season
1630183,J. McDaniels,MIN,0.05,0.73,0.78,10212,2022-23,Regular Season
1629656,Q. Grimes,NYK,1.06,-0.28,0.78,8669,2022-23,Regular Season
1628964,M. Bamba,LAL,0.36,0.41,0.77,3159,2022-23,Regular Season
1629002,C. Metu,SAC,-0.03,0.8,0.77,3003,2022-23,Regular Season
1628368,D. Fox,SAC,2.26,-1.52,0.74,10424,2022-23,Regular Season
1628969,M. Bridges,BKN,0.47,0.26,0.73,12241,2022-23,Regular Season
203471,D. Schröder,LAL,0.42,0.3,0.72,8454,2022-23,Regular Season
1629027,T. Young,ATL,1.92,-1.23,0.69,11024,2022-23,Regular Season
203991,C. Capela,ATL,0.84,-0.15,0.69,7407,2022-23,Regular Season
1628989,K. Huerter,SAC,1.41,-0.73,0.68,9217,2022-23,Regular Season
203897,Z. LaVine,CHI,0.63,0.03,0.66,11477,2022-23,Regular Season
1630567,S. Barnes,TOR,0.47,0.19,0.66,10971,2022-23,Regular Season
1629162,J. McLaughlin,MIN,-0.21,0.86,0.65,2995,2022-23,Regular Season
1629750,J. Green,CHI,-0.35,0.97,0.62,2054,2022-23,Regular Season
1628384,O. Anunoby,TOR,-0.3,0.92,0.62,9799,2022-23,Regular Season
1629680,M. Thybulle,POR,-1.31,1.91,0.6,5046,2022-23,Regular Season
1630322,L. Waters III,OKC,0.03,0.57,0.6,2266,2022-23,Regular Season
202699,T. Harris,PHI,-0.03,0.62,0.59,9810,2022-23,Regular Season
203935,M. Smart,BOS,0.53,0.06,0.59,8214,2022-23,Regular Season
1628976,W. Carter Jr.,ORL,-0.51,1.05,0.54,7063,2022-23,Regular Season
1628420,M. Morris,WAS,1.69,-1.16,0.53,7037,2022-23,Regular Season
1628977,H. Diallo,DET,-0.45,0.97,0.52,4231,2022-23,Regular Season
1630631,J. Alvarado,NOP,-0.32,0.82,0.5,5539,2022-23,Regular Season
1628392,I. Hartenstein,NYK,-0.18,0.68,0.5,6766,2022-23,Regular Season
1630175,C. Anthony,ORL,0.72,-0.26,0.46,6471,2022-23,Regular Season
1626156,D. Russell,LAL,0.52,-0.07,0.45,9749,2022-23,Regular Season
1627763,M. Brogdon,BOS,0.13,0.23,0.36,7251,2022-23,Regular Season
1630162,A. Edwards,MIN,-0.13,0.48,0.35,12129,2022-23,Regular Season
204456,T. McConnell,IND,0.07,0.27,0.34,6580,2022-23,Regular Season
1630530,T. Murphy III,NOP,0.37,-0.05,0.32,10268,2022-23,Regular Season
1626246,B. Marjanović,HOU,-0.06,0.37,0.31,688,2022-23,Regular Season
1629111,J. Landale,PHX,-0.15,0.45,0.3,4117,2022-23,Regular Season
1627732,B. Simmons,BKN,-0.23,0.53,0.3,4600,2022-23,Regular Season
203952,A. Wiggins,GSW,-0.15,0.45,0.3,5131,2022-23,Regular Season
1629731,D. Wade,CLE,-1.43,1.71,0.28,3637,2022-23,Regular Season
1630558,D. Mitchell,SAC,-0.34,0.61,0.27,6082,2022-23,Regular Season
201933,B. Griffin,BOS,-0.25,0.49,0.24,2350,2022-23,Regular Season
1628372,D. Smith Jr.,CHA,-2.27,2.49,0.22,5901,2022-23,Regular Season
1627780,G. Payton II,GSW,0.64,-0.42,0.22,1520,2022-23,Regular Season
1627742,B. Ingram,NOP,0.4,-0.22,0.18,6370,2022-23,Regular Season
203992,B. Bogdanović,ATL,1.25,-1.08,0.17,6354,2022-23,Regular Season
1631109,M. Williams,CHA,-0.85,1.02,0.17,3530,2022-23,Regular Season
203482,K. Olynyk,UTA,0.22,-0.05,0.17,8222,2022-23,Regular Season
1630171,I. Okoro,CLE,-0.07,0.23,0.16,6716,2022-23,Regular Season
1630180,S. Bey,ATL,1.04,-0.89,0.15,9095,2022-23,Regular Season
1628960,G. Allen,MIL,-0.1,0.24,0.14,8352,2022-23,Regular Season
1627750,J. Murray,DEN,0.73,-0.59,0.14,8795,2022-23,Regular Season
1631100,A. Griffin,ATL,0.23,-0.1,0.13,5957,2022-23,Regular Season
1629003,S. Milton,PHI,0.34,-0.21,0.13,6590,2022-23,Regular Season
1629611,T. Mann,LAC,0.7,-0.58,0.12,7671,2022-23,Regular Season
1630540,M. McBride,NYK,-0.48,0.59,0.11,3102,2022-23,Regular Season
1631288,J. Cain,MIA,-0.34,0.44,0.1,1019,2022-23,Regular Season
200768,K. Lowry,MIA,-0.76,0.84,0.08,7011,2022-23,Regular Season
1627751,J. Poeltl,TOR,-0.13,0.2,0.07,8009,2022-23,Regular Season
202330,G. Hayward,CHA,-0.89,0.96,0.07,6782,2022-23,Regular Season
203496,R. Covington,LAC,-0.78,0.84,0.06,3249,2022-23,Regular Season
1626145,T. Jones,MEM,0.57,-0.53,0.04,8314,2022-23,Regular Season
1629652,L. Dort,OKC,-0.03,0.07,0.04,9791,2022-23,Regular Season
1629001,D. Melton,PHI,-0.46,0.47,0.01,8762,2022-23,Regular Season
203078,B. Beal,WAS,1.01,-1.03,-0.02,6856,2022-23,Regular Season
203526,R. Neto,CLE,0.07,-0.1,-0.03,1999,2022-23,Regular Season
203915,S. Dinwiddie,BKN,0.05,-0.08,-0.03,10960,2022-23,Regular Season
1628975,J. Carter,MIL,-1.19,1.15,-0.04,7644,2022-23,Regular Season
1628997,C. Martin,MIA,-0.8,0.74,-0.06,8449,2022-23,Regular Season
1626220,R. O'Neale,BKN,-0.5,0.43,-0.07,9887,2022-23,Regular Season
1631106,T. Eason,HOU,-0.61,0.53,-0.08,7440,2022-23,Regular Season
1626192,P. Connaughton,MIL,0.07,-0.15,-0.08,6136,2022-23,Regular Season
1626168,T. Lyles,SAC,0.12,-0.2,-0.08,5317,2022-23,Regular Season
1630184,K. Lewis Jr.,NOP,-0.25,0.16,-0.09,991,2022-23,Regular Season
1630166,D. Avdija,WAS,-0.39,0.29,-0.1,8406,2022-23,Regular Season
1629021,M. Wagner,ORL,-0.24,0.14,-0.1,4729,2022-23,Regular Season
1630182,J. Green,DAL,-0.06,-0.05,-0.11,6310,2022-23,Regular Season
201588,G. Hill,IND,-0.57,0.46,-0.11,3491,2022-23,Regular Season
1627741,B. Hield,IND,0.47,-0.58,-0.11,10578,2022-23,Regular Season
203083,A. Drummond,CHI,-1.24,1.12,-0.12,3568,2022-23,Regular Season
1627759,J. Brown,BOS,-0.21,0.05,-0.16,10110,2022-23,Regular Season
1629052,O. Brissett,IND,-0.29,0.13,-0.16,4609,2022-23,Regular Season
1627739,K. Dunn,UTA,0.14,-0.3,-0.16,2506,2022-23,Regular Season
203114,K. Middleton,MIL,-0.02,-0.15,-0.17,3485,2022-23,Regular Season
1629004,S. Mykhailiuk,CHA,-0.04,-0.13,-0.17,1962,2022-23,Regular Season
1628381,J. Collins,ATL,-0.35,0.18,-0.17,9092,2022-23,Regular Season
203109,J. Crowder,MIL,-0.23,0.04,-0.19,1482,2022-23,Regular Season
1630194,P. Reed,PHI,-0.57,0.36,-0.21,3106,2022-23,Regular Season
1626157,K. Towns,MIN,-0.47,0.26,-0.21,4091,2022-23,Regular Season
1627885,S. Harrison,POR,-0.34,0.11,-0.23,521,2022-23,Regular Season
1626195,W. Hernangomez,NOP,-0.56,0.32,-0.24,1966,2022-23,Regular Season
1629646,C. Bassey,SAS,-0.51,0.26,-0.25,2172,2022-23,Regular Season
203497,R. Gobert,MIN,-1.61,1.36,-0.25,8999,2022-23,Regular Season
1629056,T. Davis,SAC,-0.25,0.0,-0.25,3599,2022-23,Regular Season
1628410,E. Sumner,BKN,-0.31,0.05,-0.26,3126,2022-23,Regular Season
1630598,A. Wiggins,OKC,-0.04,-0.22,-0.26,5493,2022-23,Regular Season
202691,K. Thompson,GSW,0.21,-0.49,-0.28,9874,2022-23,Regular Season
1629667,J. McDaniels,PHI,-0.21,-0.07,-0.28,8157,2022-23,Regular Season
1630200,T. Jones,SAS,0.39,-0.71,-0.32,8531,2022-23,Regular Season
201567,K. Love,MIA,-0.5,0.18,-0.32,5065,2022-23,Regular Season
1629117,W. Gabriel,LAL,-0.27,-0.05,-0.32,4370,2022-23,Regular Season
1627747,C. LeVert,CLE,-0.81,0.49,-0.32,9046,2022-23,Regular Season
203924,J. Grant,POR,0.26,-0.59,-0.33,9299,2022-23,Regular Season
1629634,B. Clarke,MEM,-1.05,0.72,-0.33,4723,2022-23,Regular Season
1629048,G. Bitadze,ORL,-0.94,0.6,-0.34,1898,2022-23,Regular Season
203994,J. Nurkić,POR,-1.01,0.66,-0.35,5753,2022-23,Regular Season
1630163,L. Ball,CHA,0.82,-1.19,-0.37,5520,2022-23,Regular Season
1629684,G. Williams,BOS,-0.44,0.07,-0.37,8454,2022-23,Regular Season
202696,N. Vučević,CHI,-0.01,-0.36,-0.37,11320,2022-23,Regular Season
1630552,J. Johnson,ATL,-0.87,0.5,-0.37,4431,2022-23,Regular Season
202687,B. Biyombo,PHX,-1.26,0.88,-0.38,3628,2022-23,Regular Season
202083,W. Matthews,MIL,-0.51,0.11,-0.4,3523,2022-23,Regular Season
1626149,M. Harrell,PHI,-0.54,0.14,-0.4,2844,2022-23,Regular Season
1630568,L. Garza,MIN,1.03,-1.46,-0.43,1061,2022-23,Regular Season
1630600,I. Mobley,CLE,-0.79,0.35,-0.44,330,2022-23,Regular Season
1630167,O. Toppin,NYK,-0.4,-0.05,-0.45,4431,2022-23,Regular Season
1630578,A. Sengun,HOU,0.5,-0.95,-0.45,9065,2022-23,Regular Season
202711,B. Bogdanović,DET,1.0,-1.46,-0.46,8015,2022-23,Regular Season
1628436,L. Kornet,BOS,-0.45,-0.01,-0.46,3331,2022-23,Regular Season
1628365,M. Fultz,ORL,-0.4,-0.07,-0.47,7503,2022-23,Regular Season
1630208,N. Richards,CHA,-0.51,0.03,-0.48,5178,2022-23,Regular Season
203468,C. McCollum,NOP,0.42,-0.91,-0.49,11021,2022-23,Regular Season
1630526,J. Robinson-Earl,OKC,0.05,-0.56,-0.51,3494,2022-23,Regular Season
1630237,A. Lamb,GSW,-0.39,-0.13,-0.52,5069,2022-23,Regular Season
202709,C. Joseph,DET,0.05,-0.57,-0.52,5056,2022-23,Regular Season
204060,J. Ingles,MIL,0.29,-0.81,-0.52,4514,2022-23,Regular Season
1626174,C. Wood,DAL,0.37,-0.9,-0.53,7050,2022-23,Regular Season
203914,G. Harris,ORL,0.32,-0.88,-0.56,4948,2022-23,Regular Season
1628988,A. Holiday,ATL,-0.72,0.16,-0.56,3588,2022-23,Regular Season
203933,T. Warren,PHX,-0.76,0.2,-0.56,2910,2022-23,Regular Season
1630643,J. Huff,WAS,-0.09,-0.48,-0.57,423,2022-23,Regular Season
1627826,I. Zubac,LAC,-0.77,0.2,-0.57,8858,2022-23,Regular Season
1630284,K. Harris,ORL,-0.8,0.23,-0.57,1931,2022-23,Regular Season
1628418,T. Bryant,DEN,-0.0,-0.58,-0.58,4580,2022-23,Regular Season
1631114,J. Williams,OKC,-0.81,0.23,-0.58,9785,2022-23,Regular Season
1629650,M. Brown,BKN,-0.26,-0.32,-0.58,1226,2022-23,Regular Season
1626196,J. Richardson,NOP,-0.95,0.37,-0.58,6531,2022-23,Regular Season
1631115,O. Robinson,MIA,-0.87,0.28,-0.59,1711,2022-23,Regular Season
1629013,L. Shamet,PHX,-0.89,0.29,-0.6,3362,2022-23,Regular Season
1630541,M. Moody,GSW,-0.45,-0.16,-0.61,3503,2022-23,Regular Season
1629234,D. Eubanks,POR,-0.47,-0.14,-0.61,6590,2022-23,Regular Season
1630534,O. Agbaji,UTA,0.2,-0.81,-0.61,5212,2022-23,Regular Season
1631169,J. Minott,MIN,-0.48,-0.14,-0.62,423,2022-23,Regular Season
1626166,C. Payne,PHX,-0.29,-0.33,-0.62,4069,2022-23,Regular Season
1629216,G. Vincent,MIA,-0.6,-0.03,-0.63,7160,2022-23,Regular Season
1628398,K. Kuzma,WAS,-0.94,0.31,-0.63,9375,2022-23,Regular Season
1627752,T. Prince,MIN,-0.46,-0.17,-0.63,5190,2022-23,Regular Season
1629012,C. Sexton,UTA,0.48,-1.12,-0.64,4907,2022-23,Regular Season
1630556,K. Edwards,SAC,-0.12,-0.52,-0.64,1621,2022-23,Regular Season
1628380,Z. Collins,SAS,-0.86,0.22,-0.64,6261,2022-23,Regular Season
1628371,J. Isaac,ORL,-1.14,0.49,-0.65,520,2022-23,Regular Season
2738,A. Iguodala,GSW,-0.73,0.08,-0.65,504,2022-23,Regular Season
1628221,G. York,IND,-0.39,-0.26,-0.65,235,2022-23,Regular Season
1630591,J. Suggs,ORL,-1.27,0.6,-0.67,5305,2022-23,Regular Season
1628373,F. Ntilikina,DAL,-0.71,0.04,-0.67,2527,2022-23,Regular Season
1629677,L. Samanic,UTA,-0.82,0.15,-0.67,710,2022-23,Regular Season
203585,R. McGruder,DET,-0.24,-0.43,-0.67,2191,2022-23,Regular Season
1626169,S. Johnson,SAS,0.1,-0.79,-0.69,2009,2022-23,Regular Season
1627814,D. Lee,PHX,-1.18,0.48,-0.7,6311,2022-23,Regular Season
1630700,D. Daniels,NOP,-1.61,0.9,-0.71,4419,2022-23,Regular Season
1629647,D. Bazley,PHX,-1.48,0.77,-0.71,2588,2022-23,Regular Season
1631099,K. Murray,SAC,0.3,-1.02,-0.72,10034,2022-23,Regular Season
1630583,S. Aldama,MEM,-0.65,-0.07,-0.72,7215,2022-23,Regular Season
1631207,D. Terry,CHI,-0.78,0.06,-0.72,876,2022-23,Regular Season
1641645,X. Cooks,WAS,-0.58,-0.14,-0.72,558,2022-23,Regular Season
1630214,X. Tillman,MEM,-1.15,0.42,-0.73,5082,2022-23,Regular Season
1630264,A. Gill,WAS,-0.2,-0.53,-0.73,2576,2022-23,Regular Season
1629139,Y. Watanabe,BKN,-0.04,-0.7,-0.74,3881,2022-23,Regular Season
200752,R. Gay,UTA,-1.27,0.53,-0.74,3496,2022-23,Regular Season
1629655,D. Gafford,WAS,-0.4,-0.34,-0.74,6651,2022-23,Regular Season
1629638,N. Alexander-Walker,MIN,-0.77,0.02,-0.75,3756,2022-23,Regular Season
203967,D. Šarić,OKC,-0.45,-0.3,-0.75,3381,2022-23,Regular Season
1626163,F. Kaminsky,HOU,-0.23,-0.54,-0.77,963,2022-23,Regular Season
1627827,D. Finney-Smith,BKN,-0.78,0.01,-0.77,8122,2022-23,Regular Season
1629645,K. Porter Jr.,HOU,0.11,-0.88,-0.77,8452,2022-23,Regular Season
202693,M. Morris,DAL,-0.78,-0.0,-0.78,1564,2022-23,Regular Season
1630531,J. Springer,PHI,-0.65,-0.16,-0.81,378,2022-23,Regular Season
1630543,I. Jackson,IND,-1.21,0.39,-0.82,4525,2022-23,Regular Season
1630637,C. Jones,CHI,-0.64,-0.19,-0.83,230,2022-23,Regular Season
203486,M. Plumlee,LAC,0.43,-1.27,-0.84,8741,2022-23,Regular Season
1628449,C. Boucher,TOR,-1.0,0.15,-0.85,6267,2022-23,Regular Season
1630692,J. Goodwin,WAS,-1.03,0.18,-0.85,4645,2022-23,Regular Season
1628415,D. Brooks,MEM,-1.71,0.86,-0.85,9436,2022-23,Regular Season
1630230,N. Marshall,NOP,-0.77,-0.08,-0.85,7529,2022-23,Regular Season
1628981,B. Fernando,ATL,-1.14,0.28,-0.86,1686,2022-23,Regular Season
1628972,T. Brown Jr.,LAL,-0.85,-0.01,-0.86,7882,2022-23,Regular Season
1630240,S. Lee,PHX,-1.45,0.59,-0.86,1597,2022-23,Regular Season
1629644,K. Okpala,SAC,-1.38,0.51,-0.87,1090,2022-23,Regular Season
1630560,C. Thomas,BKN,-0.07,-0.81,-0.88,3947,2022-23,Regular Season
1626159,J. Winslow,POR,-1.31,0.42,-0.89,3184,2022-23,Regular Season
1629726,G. Mathews,ATL,-1.57,0.67,-0.9,2905,2022-23,Regular Season
1629014,A. Simons,POR,-0.16,-0.76,-0.92,8956,2022-23,Regular Season
1627777,G. Niang,PHI,-0.74,-0.19,-0.93,6292,2022-23,Regular Season
1628966,K. Bates-Diop,SAS,-0.63,-0.3,-0.93,6223,2022-23,Regular Season
1629631,D. Hunter,ATL,-0.23,-0.71,-0.94,9095,2022-23,Regular Season
1630696,D. Smith,BKN,-1.12,0.18,-0.94,651,2022-23,Regular Season
1628370,M. Monk,SAC,-0.65,-0.29,-0.94,7411,2022-23,Regular Season
1631112,K. Brown,IND,-0.9,-0.05,-0.95,197,2022-23,Regular Season
1629714,J. Brantley,UTA,-0.73,-0.23,-0.96,158,2022-23,Regular Season
201937,R. Rubio,CLE,-1.55,0.59,-0.96,2295,2022-23,Regular Season
1630241,S. Merrill,CLE,-0.79,-0.17,-0.96,236,2022-23,Regular Season
203920,K. Birch,TOR,-0.95,-0.02,-0.97,658,2022-23,Regular Season
1631199,R. Harper Jr.,TOR,-0.57,-0.4,-0.97,184,2022-23,Regular Season
1628396,T. Bradley,CHI,-0.65,-0.32,-0.97,146,2022-23,Regular Season
1627749,D. Murray,ATL,-0.55,-0.43,-0.98,11421,2022-23,Regular Season
1631197,J. Rhoden,DET,-0.54,-0.44,-0.98,797,2022-23,Regular Season
202689,K. Walker,DAL,-0.66,-0.33,-0.99,582,2022-23,Regular Season
1630539,K. Jones,CHA,-1.27,0.27,-1.0,2306,2022-23,Regular Season
1629020,J. Vanderbilt,LAL,-0.05,-0.95,-1.0,7905,2022-23,Regular Season
1631172,O. Dieng,OKC,-1.12,0.12,-1.0,2410,2022-23,Regular Season
203490,O. Porter Jr.,TOR,-0.77,-0.24,-1.01,610,2022-23,Regular Season
1630267,F. Campazzo,DAL,-1.03,0.02,-1.01,202,2022-23,Regular Season
1628425,S. Brown,LAL,-0.85,-0.16,-1.01,119,2022-23,Regular Season
203458,A. Len,SAC,-1.24,0.22,-1.02,707,2022-23,Regular Season
1627823,J. Hernangomez,TOR,-0.54,-0.49,-1.03,2533,2022-23,Regular Season
1630346,M. Ryan,MIN,-0.4,-0.63,-1.03,1349,2022-23,Regular Season
1630644,M. McClung,PHI,-0.77,-0.27,-1.04,186,2022-23,Regular Season
1630245,A. Dosunmu,CHI,-1.56,0.52,-1.04,8735,2022-23,Regular Season
1630209,O. Yurtseven,MIA,-0.52,-0.52,-1.04,351,2022-23,Regular Season
1630219,S. Mays,POR,-0.17,-0.88,-1.05,825,2022-23,Regular Season
200782,P. Tucker,PHI,-0.63,-0.43,-1.06,7702,2022-23,Regular Season
1627863,D. House Jr.,PHI,-0.27,-0.79,-1.06,3364,2022-23,Regular Season
1630792,M. Hill,CHI,-0.82,-0.25,-1.07,40,2022-23,Regular Season
1629659,T. Horton-Tucker,UTA,-1.03,-0.04,-1.07,5673,2022-23,Regular Season
202722,D. Bertans,DAL,-0.52,-0.56,-1.08,2039,2022-23,Regular Season
201976,P. Beverley,CHI,-1.32,0.24,-1.08,7556,2022-23,Regular Season
203506,V. Oladipo,MIA,-1.22,0.13,-1.09,4534,2022-23,Regular Season
1630846,O. Sarr,OKC,-1.0,-0.09,-1.09,474,2022-23,Regular Season
1630647,E. Omoruyi,DET,-0.69,-0.4,-1.09,2656,2022-23,Regular Season
1630288,J. Dowtin Jr.,TOR,-0.62,-0.48,-1.1,1042,2022-23,Regular Season
1629028,D. Ayton,PHX,-1.06,-0.04,-1.1,8382,2022-23,Regular Season
1630620,D. Days,HOU,-0.78,-0.32,-1.1,105,2022-23,Regular Season
1630215,J. Butler,OKC,-0.85,-0.27,-1.12,320,2022-23,Regular Season
1631245,Q. Jackson,WAS,-0.78,-0.34,-1.12,590,2022-23,Regular Season
1630695,M. Potter,UTA,-0.93,-0.19,-1.12,234,2022-23,Regular Season
1628993,A. Johnson,SAS,-0.98,-0.14,-1.12,126,2022-23,Regular Season
201959,T. Gibson,WAS,-0.68,-0.44,-1.12,1968,2022-23,Regular Season
1630649,S. Umude,DET,-0.83,-0.3,-1.13,9,2022-23,Regular Season
1630648,J. Schakel,WAS,-0.79,-0.34,-1.13,21,2022-23,Regular Season
1631306,C. Swider,LAL,-0.7,-0.44,-1.14,175,2022-23,Regular Season
202685,J. Valančiūnas,NOP,-0.98,-0.16,-1.14,8197,2022-23,Regular Season
1630191,I. Stewart,DET,-1.0,-0.14,-1.14,5958,2022-23,Regular Season
1629663,L. King,PHI,-0.6,-0.55,-1.15,125,2022-23,Regular Season
1629653,D. Dotson,WAS,-0.98,-0.17,-1.15,217,2022-23,Regular Season
1631298,J. White,DEN,-0.88,-0.28,-1.16,247,2022-23,Regular Season
1630228,J. Kuminga,GSW,-0.64,-0.53,-1.17,5957,2022-23,Regular Season
1628416,T. Dorsey,DAL,-0.81,-0.38,-1.19,30,2022-23,Regular Season
1628971,B. Brown,DEN,-1.08,-0.11,-1.19,9426,2022-23,Regular Season
1631107,N. Jović,MIA,-1.04,-0.16,-1.2,833,2022-23,Regular Season
1630233,N. Knight,MIN,-0.49,-0.73,-1.22,1263,2022-23,Regular Season
1631260,A. Green,MIL,-0.26,-0.96,-1.22,1443,2022-23,Regular Season
1631367,J. Gilyard,MEM,-0.91,-0.31,-1.22,176,2022-23,Regular Season
1631495,D. Williams,ATL,-0.89,-0.33,-1.22,18,2022-23,Regular Season
1627788,F. Korkmaz,PHI,-1.42,0.2,-1.22,1495,2022-23,Regular Season
201566,R. Westbrook,LAC,-0.25,-0.98,-1.23,9273,2022-23,Regular Season
1629685,D. Windler,CLE,-0.85,-0.38,-1.23,33,2022-23,Regular Season
1631466,N. Williams,POR,-0.54,-0.69,-1.23,560,2022-23,Regular Season
1630587,I. Livers,DET,-0.95,-0.28,-1.23,4960,2022-23,Regular Season
1629018,G. Trent Jr.,TOR,-0.93,-0.3,-1.23,8844,2022-23,Regular Season
1630577,J. Champagnie,SAS,-0.53,-0.71,-1.24,1395,2022-23,Regular Season
202066,G. Temple,NOP,-1.17,-0.08,-1.25,714,2022-23,Regular Season
1631220,D. Seabron,NOP,-0.89,-0.36,-1.25,45,2022-23,Regular Season
1631165,K. Ellis,SAC,-0.83,-0.42,-1.25,285,2022-23,Regular Season
1631128,C. Braun,DEN,-1.48,0.23,-1.25,4865,2022-23,Regular Season
1630250,M. Simonovic,CHI,-0.88,-0.38,-1.26,85,2022-23,Regular Season
202694,M. Morris Sr.,LAC,-0.88,-0.38,-1.26,7434,2022-23,Regular Season
1630296,B. Key,DET,-0.88,-0.38,-1.26,42,2022-23,Regular Season
1629060,R. Hachimura,LAL,-1.93,0.66,-1.27,6297,2022-23,Regular Season
1629875,X. Moon,LAC,-0.99,-0.28,-1.27,74,2022-23,Regular Season
1629312,H. Highsmith,MIA,-1.89,0.62,-1.27,3958,2022-23,Regular Season
1629603,M. Diakite,CLE,-1.2,-0.07,-1.27,684,2022-23,Regular Season
1630570,T. Watford,POR,-0.32,-0.95,-1.27,4916,2022-23,Regular Season
1630702,J. Hardy,DAL,-0.22,-1.07,-1.29,2969,2022-23,Regular Season
1630205,L. Stevens,CLE,-0.96,-0.33,-1.29,4476,2022-23,Regular Season
1628998,C. Martin,CHA,-0.79,-0.5,-1.29,577,2022-23,Regular Season
1629126,D. Burton,SAC,-0.86,-0.43,-1.29,31,2022-23,Regular Season
1631309,T. Hudgins,HOU,-0.93,-0.37,-1.3,112,2022-23,Regular Season
1630172,P. Williams,CHI,-0.91,-0.39,-1.3,9592,2022-23,Regular Season
201980,D. Green,CLE,-1.02,-0.28,-1.3,578,2022-23,Regular Season
1629675,N. Reid,MIN,-1.04,-0.27,-1.31,5422,2022-23,Regular Season
1631120,J. Davison,BOS,-0.89,-0.42,-1.31,264,2022-23,Regular Season
1631311,L. Quinones,GSW,-0.92,-0.4,-1.32,79,2022-23,Regular Season
1629735,C. Silva,DAL,-0.94,-0.39,-1.33,17,2022-23,Regular Season
1630249,V. Krejčí,ATL,-0.77,-0.56,-1.33,664,2022-23,Regular Season
1630173,P. Achiuwa,TOR,-0.31,-1.02,-1.33,4667,2022-23,Regular Season
1630678,T. Taylor,CHI,-0.72,-0.62,-1.34,1143,2022-23,Regular Season
1630701,M. Foster Jr.,PHI,-0.92,-0.42,-1.34,2,2022-23,Regular Season
201949,J. Johnson,IND,-1.4,0.04,-1.36,688,2022-23,Regular Season
1630231,K. Martin,HOU,0.26,-1.62,-1.36,9662,2022-23,Regular Season
1629669,J. Nowell,MIN,-0.67,-0.69,-1.36,5443,2022-23,Regular Season
1628464,D. Theis,IND,-1.08,-0.29,-1.37,467,2022-23,Regular Season
1630551,J. Champagnie,BOS,-0.81,-0.57,-1.38,132,2022-23,Regular Season
1630590,S. Pippen Jr.,LAL,-1.15,-0.23,-1.38,125,2022-23,Regular Season
1629662,M. Kabengele,BOS,-0.92,-0.46,-1.38,137,2022-23,Regular Season
201569,E. Gordon,LAC,-0.77,-0.62,-1.39,8342,2022-23,Regular Season
1629033,T. Pinson,DAL,-0.51,-0.88,-1.39,1357,2022-23,Regular Season
1630174,A. Nesmith,IND,-0.12,-1.28,-1.4,7721,2022-23,Regular Season
1629660,T. Jerome,GSW,0.04,-1.44,-1.4,3431,2022-23,Regular Season
1628963,M. Bagley III,DET,-0.93,-0.48,-1.41,4124,2022-23,Regular Season
203086,M. Leonard,MIL,-0.61,-0.81,-1.42,473,2022-23,Regular Season
1631213,T. Martin,ATL,-0.97,-0.46,-1.43,261,2022-23,Regular Season
1630564,R. Gray,BKN,-0.83,-0.6,-1.43,150,2022-23,Regular Season
1626171,B. Portis,MIL,-0.49,-0.95,-1.44,7696,2022-23,Regular Season
1631212,P. Watson,DEN,-1.12,-0.32,-1.44,749,2022-23,Regular Season
203082,T. Ross,PHX,-0.55,-0.91,-1.46,5588,2022-23,Regular Season
1626179,T. Rozier,CHA,-0.46,-1.0,-1.46,9443,2022-23,Regular Season
1629633,J. Culver,ATL,-1.23,-0.23,-1.46,580,2022-23,Regular Season
1628402,F. Jackson,UTA,-1.0,-0.46,-1.46,17,2022-23,Regular Season
1630176,V. Carey Jr.,WAS,-1.21,-0.25,-1.46,110,2022-23,Regular Season
1630192,Z. Nnaji,DEN,-2.09,0.63,-1.46,2938,2022-23,Regular Season
1631205,B. Boeheim,DET,-1.12,-0.34,-1.46,363,2022-23,Regular Season
1630554,J. Preston,LAC,-0.86,-0.62,-1.48,520,2022-23,Regular Season
1630563,J. Primo,SAS,-1.04,-0.45,-1.49,412,2022-23,Regular Season
1630256,J. Tate,HOU,-1.29,-0.22,-1.51,2846,2022-23,Regular Season
1631119,J. Williams,OKC,-1.05,-0.46,-1.51,3870,2022-23,Regular Season
1630535,G. Brown III,POR,-1.75,0.24,-1.51,386,2022-23,Regular Season
1630177,T. Maledon,CHA,-0.67,-0.84,-1.51,3624,2022-23,Regular Season
1630580,J. Wieskamp,TOR,-1.32,-0.19,-1.51,211,2022-23,Regular Season
1630544,T. Mann,OKC,-1.72,0.21,-1.51,5022,2022-23,Regular Season
1628427,V. Čančar,DEN,-0.94,-0.58,-1.52,3644,2022-23,Regular Season
1630206,J. Scrubb,ORL,-0.95,-0.57,-1.52,126,2022-23,Regular Season
1631214,A. Williams,BKN,-1.05,-0.48,-1.53,23,2022-23,Regular Season
203469,C. Zeller,MIA,-0.69,-0.85,-1.54,879,2022-23,Regular Season
1631123,J. Bouyea,WAS,-1.05,-0.5,-1.55,275,2022-23,Regular Season
1630243,T. Queen,IND,-1.36,-0.19,-1.55,295,2022-23,Regular Season
1627853,R. Arcidiacono,POR,-1.69,0.14,-1.55,728,2022-23,Regular Season
203493,R. Bullock Jr.,DAL,-0.55,-1.0,-1.55,9529,2022-23,Regular Season
1631102,T. Washington Jr.,HOU,-1.66,0.1,-1.56,1810,2022-23,Regular Season
1631105,J. Duren,DET,-1.11,-0.45,-1.56,6977,2022-23,Regular Season
1631217,M. Diabaté,LAC,-0.94,-0.64,-1.58,820,2022-23,Regular Season
1629637,J. Hayes,NOP,-1.71,0.12,-1.59,2567,2022-23,Regular Season
1631211,T. Keels,NYK,-1.09,-0.5,-1.59,34,2022-23,Regular Season
1630595,C. Cunningham,DET,-1.26,-0.34,-1.6,1719,2022-23,Regular Season
1629641,R. Langford,SAS,-1.29,-0.31,-1.6,3634,2022-23,Regular Season
201599,D. Jordan,DEN,-1.24,-0.37,-1.61,2422,2022-23,Regular Season
203521,M. Dellavedova,SAC,-1.41,-0.21,-1.62,914,2022-23,Regular Season
1630270,X. Sneed,CHA,-1.16,-0.46,-1.62,206,2022-23,Regular Season
1631320,C. Moneke,SAC,-1.06,-0.57,-1.63,31,2022-23,Regular Season
1631111,W. Moore Jr.,MIN,-1.32,-0.31,-1.63,664,2022-23,Regular Season
1631110,J. Sochan,SAS,-1.17,-0.46,-1.63,6257,2022-23,Regular Season
203903,J. Clarkson,UTA,0.08,-1.71,-1.63,8408,2022-23,Regular Season
1630181,R. Hampton,DET,-0.82,-0.81,-1.63,3109,2022-23,Regular Season
1628408,P. Dozier,SAC,-1.52,-0.11,-1.63,327,2022-23,Regular Season
1630625,D. Banton,TOR,-1.43,-0.21,-1.64,1164,2022-23,Regular Season
1628962,U. Azubuike,UTA,-1.38,-0.26,-1.64,1558,2022-23,Regular Season
1630202,P. Pritchard,BOS,-1.22,-0.43,-1.65,2608,2022-23,Regular Season
1628424,K. Simmons,CHA,-1.18,-0.48,-1.66,118,2022-23,Regular Season
1629626,B. Bol,ORL,-2.18,0.52,-1.66,6355,2022-23,Regular Season
203457,N. Noel,BKN,-1.94,0.27,-1.67,845,2022-23,Regular Season
1626162,K. Oubre Jr.,CHA,-1.37,-0.3,-1.67,6591,2022-23,Regular Season
203925,J. Harris,BKN,-0.81,-0.87,-1.68,6355,2022-23,Regular Season
201152,T. Young,TOR,-1.04,-0.65,-1.69,3268,2022-23,Regular Season
1631113,K. Chandler,MEM,-1.4,-0.29,-1.69,1187,2022-23,Regular Season
203943,N. Vonleh,BOS,-0.97,-0.74,-1.71,699,2022-23,Regular Season
1630188,J. Smith,IND,-1.24,-0.48,-1.72,5495,2022-23,Regular Season
1631230,D. Barlow,SAS,-1.18,-0.54,-1.72,1768,2022-23,Regular Season
203487,M. Carter-Williams,ORL,-1.04,-0.69,-1.73,176,2022-23,Regular Season
1629674,N. Queta,SAC,-1.23,-0.5,-1.73,134,2022-23,Regular Season
1629623,L. Wigginton,MIL,-0.98,-0.75,-1.73,366,2022-23,Regular Season
2617,U. Haslem,MIA,-1.24,-0.49,-1.73,309,2022-23,Regular Season
1628435,C. Comanche,POR,-0.99,-0.76,-1.75,86,2022-23,Regular Season
1630195,L. Bolmaro,UTA,-1.59,-0.16,-1.75,286,2022-23,Regular Season
1631303,J. Minaya,POR,-1.23,-0.53,-1.76,387,2022-23,Regular Season
1630225,I. Todd,WAS,-1.4,-0.38,-1.78,260,2022-23,Regular Season
1629134,K. Nunn,WAS,-0.94,-0.84,-1.78,4108,2022-23,Regular Season
1627745,D. Jones,UTA,-1.53,-0.26,-1.79,2064,2022-23,Regular Season
1630639,A. Lawson,DAL,-1.07,-0.73,-1.8,467,2022-23,Regular Season
1631219,J. Butler Jr.,POR,-1.43,-0.38,-1.81,949,2022-23,Regular Season
1631254,K. Lofton Jr.,MEM,-0.8,-1.02,-1.82,719,2022-23,Regular Season
1628984,D. Graham,SAS,-0.98,-0.85,-1.83,5669,2022-23,Regular Season
1629673,J. Poole,GSW,-1.58,-0.26,-1.84,10622,2022-23,Regular Season
1629130,D. Robinson,MIA,-0.77,-1.09,-1.86,2826,2022-23,Regular Season
1630201,M. Flynn,TOR,-1.0,-0.87,-1.87,2824,2022-23,Regular Season
1630557,C. Kispert,WAS,-0.31,-1.57,-1.88,8710,2022-23,Regular Season
201580,J. McGee,DAL,-1.78,-0.11,-1.89,1499,2022-23,Regular Season
1630561,D. Duke Jr.,BKN,-1.39,-0.53,-1.92,951,2022-23,Regular Season
1631160,J. Hall,SAS,-1.44,-0.49,-1.93,346,2022-23,Regular Season
1628382,J. Jackson,BOS,-1.6,-0.34,-1.94,424,2022-23,Regular Season
1630527,B. Boston,LAC,-1.13,-0.81,-1.94,1051,2022-23,Regular Season
203473,D. Dedmon,PHI,-2.13,0.17,-1.96,1812,2022-23,Regular Season
1629678,A. Schofield,ORL,-1.26,-0.7,-1.96,1874,2022-23,Regular Season
1628470,T. Craig,PHX,-0.86,-1.11,-1.97,8085,2022-23,Regular Season
202397,I. Smith,DEN,-1.8,-0.17,-1.97,1631,2022-23,Regular Season
201586,S. Ibaka,MIL,-1.6,-0.38,-1.98,757,2022-23,Regular Season
201565,D. Rose,NYK,-1.8,-0.19,-1.99,1448,2022-23,Regular Season
1629642,N. Little,POR,-0.57,-1.43,-2.0,4028,2022-23,Regular Season
1630224,J. Green,HOU,-0.27,-1.73,-2.0,10956,2022-23,Regular Season
1628467,M. Kleber,DAL,-1.48,-0.55,-2.03,3802,2022-23,Regular Season
1627854,B. Forbes,MIN,-1.16,-0.89,-2.05,1149,2022-23,Regular Season
201988,P. Mills,BKN,-0.82,-1.23,-2.05,2442,2022-23,Regular Season
1631108,M. Christie,LAL,-1.43,-0.62,-2.05,2163,2022-23,Regular Season
1631116,P. Baldwin Jr.,GSW,-1.32,-0.74,-2.06,935,2022-23,Regular Season
1626181,N. Powell,LAC,-1.19,-0.89,-2.08,6601,2022-23,Regular Season
1630235,T. Forrest,ATL,-1.54,-0.55,-2.09,1153,2022-23,Regular Season
1631246,V. Williams Jr.,MEM,-1.85,-0.26,-2.11,440,2022-23,Regular Season
202704,R. Jackson,DEN,-2.04,-0.07,-2.11,6785,2022-23,Regular Season
203552,S. Curry,BKN,-1.06,-1.06,-2.12,5031,2022-23,Regular Season
1631222,J. LaRavia,MEM,-1.2,-0.93,-2.13,1729,2022-23,Regular Season
1630538,B. Hyland,LAC,-0.24,-1.9,-2.14,4458,2022-23,Regular Season
1631216,C. Houstan,ORL,-1.17,-0.98,-2.15,3387,2022-23,Regular Season
203085,A. Rivers,MIN,-0.92,-1.26,-2.18,4309,2022-23,Regular Season
1630586,U. Garuba,HOU,-1.69,-0.5,-2.19,4091,2022-23,Regular Season
203095,E. Fournier,NYK,-1.73,-0.46,-2.19,1914,2022-23,Regular Season
1629643,C. Okeke,ORL,-1.43,-0.79,-2.22,2175,2022-23,Regular Season
1630170,D. Vassell,SAS,-1.26,-0.96,-2.22,5102,2022-23,Regular Season
1629308,J. Toscano-Anderson,UTA,-2.18,-0.05,-2.23,2999,2022-23,Regular Season
1629676,I. Roby,SAS,-1.99,-0.25,-2.24,2021,2022-23,Regular Season
1626158,R. Holmes,SAC,-1.58,-0.68,-2.26,1456,2022-23,Regular Season
1629023,P. Washington,CHA,-2.09,-0.17,-2.26,10239,2022-23,Regular Season
201609,G. Dragic,MIL,-0.77,-1.51,-2.28,3717,2022-23,Regular Season
1630550,J. Thor,CHA,-2.14,-0.16,-2.3,4096,2022-23,Regular Season
1630579,J. Sims,NYK,-1.78,-0.53,-2.31,3270,2022-23,Regular Season
1630572,S. Mamukelashvili,SAS,-1.07,-1.24,-2.31,2775,2022-23,Regular Season
1630549,D. Sharpe,BKN,-0.82,-1.49,-2.31,2333,2022-23,Regular Season
1630593,M. Wright IV,DAL,-1.47,-0.87,-2.34,1386,2022-23,Regular Season
1628432,D. Reed,LAL,-1.88,-0.47,-2.35,1409,2022-23,Regular Season
1630537,C. Duarte,IND,-1.59,-0.76,-2.35,3851,2022-23,Regular Season
1631094,P. Banchero,ORL,-1.03,-1.32,-2.35,10234,2022-23,Regular Season
203210,J. Green,GSW,-1.02,-1.33,-2.35,3472,2022-23,Regular Season
202322,J. Wall,LAC,-2.14,-0.23,-2.37,3207,2022-23,Regular Season
201577,R. Lopez,CLE,-1.57,-0.83,-2.4,1211,2022-23,Regular Season
1630581,J. Giddey,OKC,-1.5,-0.91,-2.41,10186,2022-23,Regular Season
1631097,B. Mathurin,IND,-0.94,-1.49,-2.43,9571,2022-23,Regular Season
1629628,R. Barrett,NYK,-0.73,-1.72,-2.45,10205,2022-23,Regular Season
1631223,D. Roddy,MEM,-1.39,-1.09,-2.48,5370,2022-23,Regular Season
203926,D. McDermott,SAS,-0.59,-1.91,-2.5,5712,2022-23,Regular Season
1630547,J. Bouknight,CHA,-2.22,-0.29,-2.51,2203,2022-23,Regular Season
1627736,M. Beasley,LAL,-1.25,-1.26,-2.51,8931,2022-23,Regular Season
1631098,J. Davis,WAS,-2.5,-0.04,-2.54,1783,2022-23,Regular Season
1631133,J. Walker,POR,-1.75,-0.79,-2.54,2618,2022-23,Regular Season
1629614,A. Nembhard,IND,-1.09,-1.46,-2.55,8882,2022-23,Regular Season
1629599,A. Coffey,LAC,-1.76,-0.83,-2.59,2590,2022-23,Regular Season
1630533,Z. Williams,MEM,-1.94,-0.68,-2.62,2396,2022-23,Regular Season
1630699,M. Beauchamp,MIL,-1.55,-1.09,-2.64,2947,2022-23,Regular Season
1628995,K. Knox II,POR,-1.87,-0.81,-2.68,4092,2022-23,Regular Season
203648,T. Antetokounmpo,MIL,-1.47,-1.25,-2.72,849,2022-23,Regular Season
1629629,C. Reddish,POR,-1.81,-0.91,-2.72,4200,2022-23,Regular Season
1630613,D. Washington Jr.,PHX,-1.98,-0.77,-2.75,1676,2022-23,Regular Season
1631121,B. McGowens,CHA,-1.94,-0.86,-2.8,3342,2022-23,Regular Season
203200,J. Holiday,DAL,-2.43,-0.39,-2.82,3065,2022-23,Regular Season
1630548,J. Juzang,UTA,-2.09,-0.73,-2.82,1006,2022-23,Regular Season
1631157,R. Rollins,GSW,-2.06,-0.76,-2.82,258,2022-23,Regular Season
1630227,D. Nix,HOU,-2.13,-0.79,-2.92,3813,2022-23,Regular Season
1629622,M. Strus,MIA,-1.92,-1.02,-2.94,9255,2022-23,Regular Season
201145,J. Green,DEN,-1.84,-1.16,-3.0,4494,2022-23,Regular Season
203476,G. Dieng,SAS,-2.09,-0.93,-3.02,1529,2022-23,Regular Season
203115,W. Barton,TOR,-2.58,-0.49,-3.07,4146,2022-23,Regular Season
1629640,K. Johnson,SAS,-0.87,-2.29,-3.16,8820,2022-23,Regular Season
1630197,A. Pokusevski,OKC,-2.11,-1.05,-3.16,3008,2022-23,Regular Season
1630553,K. Johnson,POR,-1.79,-1.38,-3.17,1744,2022-23,Regular Season
1629022,L. Walker IV,LAL,-1.6,-1.61,-3.21,5606,2022-23,Regular Season
1630165,K. Hayes,DET,-2.39,-0.87,-3.26,8994,2022-23,Regular Season
1631101,S. Sharpe,POR,-1.09,-2.2,-3.29,7460,2022-23,Regular Season
1629670,J. Nwora,IND,-1.62,-1.75,-3.37,5083,2022-23,Regular Season
1631103,M. Branham,SAS,-1.32,-2.09,-3.41,6703,2022-23,Regular Season
1630164,J. Wiseman,DET,-1.58,-1.91,-3.49,3630,2022-23,Regular Season
1630528,J. Christopher,HOU,-1.75,-1.93,-3.68,3250,2022-23,Regular Season
1631095,J. Smith Jr.,HOU,-2.34,-1.43,-3.77,10288,2022-23,Regular Season
1631104,B. Wesley,SAS,-2.86,-1.27,-4.13,2895,2022-23,Regular Season
1631323,S. Fontecchio,UTA,-2.2,-1.94,-4.14,3327,2022-23,Regular Season
1631093,J. Ivey,DET,-2.51,-2.22,-4.73,9669,2022-23,Regular Season
