GROUP_ID,PLAYERS,TEAM_ABBREVIATION,POSS_OFF,POSS_DEF,NET_ACTUAL,NET_EXPECTED,CHEMISTRY,SEASON,SEASON_TYPE
-1626164-1626166-1628470-1628969-1629028-,D. Booker - C. Payne - T. Craig - M. Bridges - D. Ayton,PHX,107,107,39.9,8.1,31.8,2021-22,Regular Season
-200768-200782-203473-1629130-1629216-,K. Lowry - P. Tucker - D. Dedmon - D. Robinson - G. Vincent,MIA,135,140,26.6,1.5,25.1,2021-22,Regular Season
-203463-203496-203994-1629014-1629642-,B. McLemore - R. Covington - J. Nurkić - A. Simons - N. Little,POR,151,151,26.1,1.9,24.2,2021-22,Regular Season
-201569-1626174-1629645-1629726-1630256-,E. Gordon - C. Wood - K. Porter Jr. - G. Mathews - J. Tate,HOU,158,157,20.5,-2.9,23.4,2021-22,Regular Season
-202355-202711-1626220-1628378-1630235-,H. Whiteside - B. Bogdanović - R. O'Neale - D. Mitchell - T. Forrest,UTA,119,123,27.8,5.2,22.5,2021-22,Regular Season
-201935-201988-202681-1630549-1630556-,J. Harden - P. Mills - K. Irving - D. Sharpe - K. Edwards,BKN,102,103,23.7,1.2,22.5,2021-22,Regular Season
-201143-203935-1627759-1628369-1628464-,A. Horford - M. Smart - J. Brown - J. Tatum - D. Theis,BOS,126,127,36.1,14.1,22.0,2021-22,Regular Season
-201942-203897-1627936-1628366-1628396-,D. DeRozan - Z. LaVine - A. Caruso - L. Ball - T. Bradley,CHI,135,136,29.8,8.0,21.8,2021-22,Regular Season
-203991-203992-1628381-1628989-1629027-,C. Capela - B. Bogdanović - J. Collins - K. Huerter - T. Young,ATL,341,331,26.0,4.6,21.4,2021-22,Regular Season
-203994-1626159-1628404-1629014-1629604-,J. Nurkić - J. Winslow - J. Hart - A. Simons - C. Elleby,POR,130,132,17.7,-3.1,20.8,2021-22,Regular Season
-202685-203468-1628984-1629637-1630529-,J. Valančiūnas - C. McCollum - D. Graham - J. Hayes - H. Jones,NOP,201,193,21.6,1.0,20.7,2021-22,Regular Season
-202330-203486-1626179-1628970-1628998-,G. Hayward - M. Plumlee - T. Rozier - M. Bridges - C. Martin,CHA,122,128,22.0,1.5,20.5,2021-22,Regular Season
-201939-202691-203952-1626172-1627780-,S. Curry - K. Thompson - A. Wiggins - K. Looney - G. Payton II,GSW,102,105,26.2,6.3,19.9,2021-22,Regular Season
-202689-203095-203944-1629011-1629656-,K. Walker - E. Fournier - J. Randle - M. Robinson - Q. Grimes,NYK,168,170,15.7,-3.9,19.6,2021-22,Regular Season
-2546-201566-202340-203076-1629659-,C. Anthony - R. Westbrook - A. Bradley - A. Davis - T. Horton-Tucker,LAL,114,112,13.4,-6.2,19.6,2021-22,Regular Season
-203468-203496-203994-1629014-1629642-,C. McCollum - R. Covington - J. Nurkić - A. Simons - N. Little,POR,157,154,20.1,1.0,19.1,2021-22,Regular Season
-201568-203992-1626153-1629027-1630168-,D. Gallinari - B. Bogdanović - D. Wright - T. Young - O. Okongwu,ATL,116,122,26.4,7.4,19.0,2021-22,Regular Season
-201942-202696-203897-1629632-1630245-,D. DeRozan - N. Vučević - Z. LaVine - C. White - A. Dosunmu,CHI,139,130,15.7,-3.2,18.9,2021-22,Regular Season
-201565-202692-1629011-1630167-1630193-,D. Rose - A. Burks - M. Robinson - O. Toppin - I. Quickley,NYK,105,116,29.6,10.9,18.7,2021-22,Regular Season
-203500-203937-1629001-1629630-1630533-,S. Adams - K. Anderson - D. Melton - J. Morant - Z. Williams,MEM,273,268,20.7,2.7,17.9,2021-22,Regular Season
-203935-1627759-1628369-1629057-1629684-,M. Smart - J. Brown - J. Tatum - R. Williams III - G. Williams,BOS,232,235,29.9,12.0,17.9,2021-22,Regular Season
-101150-201568-203992-1626153-1630168-,L. Williams - D. Gallinari - B. Bogdanović - D. Wright - O. Okongwu,ATL,236,241,23.5,6.6,16.9,2021-22,Regular Season
-203083-1627777-1627788-1629003-1629680-,A. Drummond - G. Niang - F. Korkmaz - S. Milton - M. Thybulle,PHI,144,145,18.3,1.5,16.7,2021-22,Regular Season
-201976-1626157-1629020-1630162-1630183-,P. Beverley - K. Towns - J. Vanderbilt - A. Edwards - J. McDaniels,MIN,101,103,20.1,3.6,16.5,2021-22,Regular Season
-202696-203897-1627884-1628366-1630245-,N. Vučević - Z. LaVine - D. Jones Jr. - L. Ball - A. Dosunmu,CHI,109,113,9.7,-6.6,16.3,2021-22,Regular Season
-201942-202696-203897-1627936-1629750-,D. DeRozan - N. Vučević - Z. LaVine - A. Caruso - J. Green,CHI,106,113,17.7,1.4,16.3,2021-22,Regular Season
-202326-203085-203210-1627854-1630538-,D. Cousins - A. Rivers - J. Green - B. Forbes - B. Hyland,DEN,225,222,14.3,-1.2,15.5,2021-22,Regular Season
-203081-203496-203994-1626181-1629014-,D. Lillard - R. Covington - J. Nurkić - N. Powell - A. Simons,POR,129,127,14.3,-1.3,15.5,2021-22,Regular Season
-201565-201959-202692-1630167-1630193-,D. Rose - T. Gibson - A. Burks - O. Toppin - I. Quickley,NYK,178,176,25.3,10.1,15.2,2021-22,Regular Season
-202685-1628404-1628984-1629638-1630529-,J. Valančiūnas - J. Hart - D. Graham - N. Alexander-Walker - H. Jones,NOP,144,137,15.7,0.5,15.2,2021-22,Regular Season
-201959-202692-203095-203944-1629628-,T. Gibson - A. Burks - E. Fournier - J. Randle - R. Barrett,NYK,130,130,14.9,-0.1,15.0,2021-22,Regular Season
-202324-1628983-1629652-1630526-1630581-,D. Favors - S. Gilgeous-Alexander - L. Dort - J. Robinson-Earl - J. Giddey,OKC,103,106,3.1,-11.6,14.7,2021-22,Regular Season
-2546-201566-202340-203076-1628370-,C. Anthony - R. Westbrook - A. Bradley - A. Davis - M. Monk,LAL,151,148,11.3,-3.3,14.7,2021-22,Regular Season
-201939-203490-203952-1626172-1629673-,S. Curry - O. Porter Jr. - A. Wiggins - K. Looney - J. Poole,GSW,170,169,24.7,10.4,14.3,2021-22,Regular Season
-1627783-1627832-1629018-1630173-1630567-,P. Siakam - F. VanVleet - G. Trent Jr. - P. Achiuwa - S. Barnes,TOR,301,303,16.4,2.2,14.2,2021-22,Regular Season
-203500-1628415-1628991-1629630-1630217-,S. Adams - D. Brooks - J. Jackson Jr. - J. Morant - D. Bane,MEM,233,227,22.2,8.1,14.1,2021-22,Regular Season
-1628386-1629636-1629731-1630171-1630596-,J. Allen - D. Garland - D. Wade - I. Okoro - E. Mobley,CLE,217,216,20.1,6.2,13.9,2021-22,Regular Season
-203107-203484-204001-1629060-1630557-,T. Satoransky - K. Caldwell-Pope - K. Porziņģis - R. Hachimura - C. Kispert,WAS,246,247,9.1,-4.6,13.7,2021-22,Regular Season
-200765-201567-1626224-1630205-1630596-,R. Rondo - K. Love - C. Osman - L. Stevens - E. Mobley,CLE,103,101,11.9,-1.7,13.6,2021-22,Regular Season
-201142-201933-201935-201988-1628971-,K. Durant - B. Griffin - J. Harden - P. Mills - B. Brown,BKN,126,128,13.5,0.2,13.4,2021-22,Regular Season
-201935-202699-203954-1629680-1630178-,J. Harden - T. Harris - J. Embiid - M. Thybulle - T. Maxey,PHI,668,665,19.1,6.3,12.8,2021-22,Regular Season
-1628369-1628401-1628464-1629684-1630202-,J. Tatum - D. White - D. Theis - G. Williams - P. Pritchard,BOS,101,106,20.3,7.6,12.7,2021-22,Regular Season
-1628374-1628386-1629636-1630205-1630596-,L. Markkanen - J. Allen - D. Garland - L. Stevens - E. Mobley,CLE,175,179,17.4,4.7,12.6,2021-22,Regular Season
-101150-201568-203991-1626153-1629629-,L. Williams - D. Gallinari - C. Capela - D. Wright - C. Reddish,ATL,148,149,11.3,-1.0,12.3,2021-22,Regular Season
-202709-203924-1630180-1630191-1630595-,C. Joseph - J. Grant - S. Bey - I. Stewart - C. Cunningham,DET,552,557,5.8,-6.4,12.3,2021-22,Regular Season
-1627783-1627832-1628449-1629018-1630567-,P. Siakam - F. VanVleet - C. Boucher - G. Trent Jr. - S. Barnes,TOR,211,209,19.0,7.0,12.0,2021-22,Regular Season
-201145-203085-203932-203999-1628420-,J. Green - A. Rivers - A. Gordon - N. Jokić - M. Morris,DEN,309,311,18.7,7.0,11.7,2021-22,Regular Season
-1626156-1626157-1627736-1630162-1630183-,D. Russell - K. Towns - M. Beasley - A. Edwards - J. McDaniels,MIN,221,213,13.5,2.2,11.3,2021-22,Regular Season
-203493-203939-1627827-1628973-1629029-,R. Bullock Jr. - D. Powell - D. Finney-Smith - J. Brunson - L. Dončić,DAL,704,713,16.7,5.7,11.1,2021-22,Regular Season
-101108-203109-1626163-1626164-1628969-,C. Paul - J. Crowder - F. Kaminsky - D. Booker - M. Bridges,PHX,141,138,21.9,10.9,11.0,2021-22,Regular Season
-201143-203935-1627759-1628369-1629057-,A. Horford - M. Smart - J. Brown - J. Tatum - R. Williams III,BOS,882,889,24.2,13.2,11.0,2021-22,Regular Season
-203500-203937-1626145-1628415-1629001-,S. Adams - K. Anderson - T. Jones - D. Brooks - D. Melton,MEM,184,176,15.7,4.8,10.9,2021-22,Regular Season
-1627783-1627832-1628384-1629018-1630173-,P. Siakam - F. VanVleet - O. Anunoby - G. Trent Jr. - P. Achiuwa,TOR,101,104,13.7,2.8,10.9,2021-22,Regular Season
-202711-203497-204060-1626220-1628378-,B. Bogdanović - R. Gobert - J. Ingles - R. O'Neale - D. Mitchell,UTA,156,156,16.5,5.8,10.7,2021-22,Regular Season
-201976-1626157-1627736-1630162-1630183-,P. Beverley - K. Towns - M. Beasley - A. Edwards - J. McDaniels,MIN,156,158,11.7,1.2,10.5,2021-22,Regular Season
-203082-203914-1628976-1629643-1630175-,T. Ross - G. Harris - W. Carter Jr. - C. Okeke - C. Anthony,ORL,103,106,3.5,-6.9,10.4,2021-22,Regular Season
-202699-203552-203954-1627788-1630178-,T. Harris - S. Curry - J. Embiid - F. Korkmaz - T. Maxey,PHI,101,101,13.2,3.0,10.3,2021-22,Regular Season
-1628374-1629636-1630171-1630205-1630596-,L. Markkanen - D. Garland - I. Okoro - L. Stevens - E. Mobley,CLE,138,141,14.3,4.2,10.1,2021-22,Regular Season
-1626167-1627734-1627747-1627763-1630537-,M. Turner - D. Sabonis - C. LeVert - M. Brogdon - C. Duarte,IND,300,295,9.8,-0.2,10.0,2021-22,Regular Season
-1627783-1628449-1629018-1630173-1630567-,P. Siakam - C. Boucher - G. Trent Jr. - P. Achiuwa - S. Barnes,TOR,105,102,12.8,2.8,10.0,2021-22,Regular Season
-1627747-1628374-1629636-1630171-1630596-,C. LeVert - L. Markkanen - D. Garland - I. Okoro - E. Mobley,CLE,169,170,15.3,5.6,9.7,2021-22,Regular Season
-203081-203994-1626181-1626204-1629642-,D. Lillard - J. Nurkić - N. Powell - L. Nance Jr. - N. Little,POR,107,113,2.8,-6.8,9.6,2021-22,Regular Season
-203914-1628964-1628976-1630175-1630532-,G. Harris - M. Bamba - W. Carter Jr. - C. Anthony - F. Wagner,ORL,331,332,6.8,-2.6,9.4,2021-22,Regular Season
-201143-203471-203935-1628369-1629684-,A. Horford - D. Schröder - M. Smart - J. Tatum - G. Williams,BOS,144,141,15.8,6.5,9.3,2021-22,Regular Season
-201942-202696-203897-1627936-1628366-,D. DeRozan - N. Vučević - Z. LaVine - A. Caruso - L. Ball,CHI,202,194,10.9,1.8,9.1,2021-22,Regular Season
-202689-203095-203457-203944-1629628-,K. Walker - E. Fournier - N. Noel - J. Randle - R. Barrett,NYK,191,193,2.1,-7.0,9.0,2021-22,Regular Season
-202685-1627742-1628404-1628984-1630529-,J. Valančiūnas - B. Ingram - J. Hart - D. Graham - H. Jones,NOP,698,693,10.7,1.8,8.9,2021-22,Regular Season
-200782-202710-203473-1629130-1629639-,P. Tucker - J. Butler III - D. Dedmon - D. Robinson - T. Herro,MIA,140,135,11.7,2.9,8.9,2021-22,Regular Season
-201959-202692-1629656-1630167-1630193-,T. Gibson - A. Burks - Q. Grimes - O. Toppin - I. Quickley,NYK,109,114,15.4,6.6,8.8,2021-22,Regular Season
-2544-201566-1626169-1628370-1630559-,L. James - R. Westbrook - S. Johnson - M. Monk - A. Reaves,LAL,159,160,8.2,-0.6,8.8,2021-22,Regular Season
-203468-203503-1626204-1629014-1629642-,C. McCollum - T. Snell - L. Nance Jr. - A. Simons - N. Little,NOP,134,133,7.5,-1.1,8.7,2021-22,Regular Season
-201144-202355-202711-1626220-1628378-,M. Conley - H. Whiteside - B. Bogdanović - R. O'Neale - D. Mitchell,UTA,152,151,16.7,8.0,8.6,2021-22,Regular Season
-101108-201580-203109-1626164-1628969-,C. Paul - J. McGee - J. Crowder - D. Booker - M. Bridges,PHX,268,273,19.4,11.1,8.4,2021-22,Regular Season
-203115-203932-203999-1628420-1629008-,W. Barton - A. Gordon - N. Jokić - M. Morris - M. Porter Jr.,DEN,358,356,10.2,1.8,8.4,2021-22,Regular Season
-203914-1628964-1628976-1630532-1630591-,G. Harris - M. Bamba - W. Carter Jr. - F. Wagner - J. Suggs,ORL,141,143,2.1,-6.4,8.4,2021-22,Regular Season
-203084-203090-1626158-1628368-1630169-,H. Barnes - M. Harkless - R. Holmes - D. Fox - T. Haliburton,SAC,223,225,-0.2,-8.6,8.3,2021-22,Regular Season
-201143-203471-1627759-1628369-1629057-,A. Horford - D. Schröder - J. Brown - J. Tatum - R. Williams III,BOS,121,123,16.6,8.4,8.2,2021-22,Regular Season
-202709-1628963-1630180-1630191-1630595-,C. Joseph - M. Bagley III - S. Bey - I. Stewart - C. Cunningham,DET,126,128,0.1,-8.2,8.2,2021-22,Regular Season
-201587-202694-202704-1627826-1629611-,N. Batum - M. Morris Sr. - R. Jackson - I. Zubac - T. Mann,LAC,369,362,5.5,-2.6,8.2,2021-22,Regular Season
-203473-1628997-1629216-1629622-1629639-,D. Dedmon - C. Martin - G. Vincent - M. Strus - T. Herro,MIA,192,200,10.3,2.3,8.1,2021-22,Regular Season
-201950-203114-203507-1626192-1628960-,J. Holiday - K. Middleton - G. Antetokounmpo - P. Connaughton - G. Allen,MIL,119,114,12.5,4.7,7.8,2021-22,Regular Season
-200768-200782-202710-1628389-1629130-,K. Lowry - P. Tucker - J. Butler III - B. Adebayo - D. Robinson,MIA,833,827,12.3,4.5,7.8,2021-22,Regular Season
-201935-201980-202699-203954-1630178-,J. Harden - D. Green - T. Harris - J. Embiid - T. Maxey,PHI,149,155,12.9,5.2,7.7,2021-22,Regular Season
-201144-203497-203903-204060-1629672-,M. Conley - R. Gobert - J. Clarkson - J. Ingles - E. Paschall,UTA,239,235,15.6,8.0,7.6,2021-22,Regular Season
-201976-1626156-1626157-1630162-1630183-,P. Beverley - D. Russell - K. Towns - A. Edwards - J. McDaniels,MIN,172,163,5.7,-1.8,7.5,2021-22,Regular Season
-203486-1626179-1628970-1628998-1630163-,M. Plumlee - T. Rozier - M. Bridges - C. Martin - L. Ball,CHA,296,295,9.2,1.8,7.4,2021-22,Regular Season
-201569-1626174-1629645-1630224-1630256-,E. Gordon - C. Wood - K. Porter Jr. - J. Green - J. Tate,HOU,750,735,-1.0,-8.2,7.3,2021-22,Regular Season
-201580-1626164-1626166-1629013-1629661-,J. McGee - D. Booker - C. Payne - L. Shamet - C. Johnson,PHX,140,139,9.2,2.0,7.2,2021-22,Regular Season
-203200-1626167-1627734-1627747-1627763-,J. Holiday - M. Turner - D. Sabonis - C. LeVert - M. Brogdon,SAC,188,181,6.0,-1.1,7.1,2021-22,Regular Season
-1627832-1628384-1629018-1630173-1630567-,F. VanVleet - O. Anunoby - G. Trent Jr. - P. Achiuwa - S. Barnes,TOR,324,320,7.1,-0.1,7.1,2021-22,Regular Season
-203486-1626179-1628970-1629023-1630163-,M. Plumlee - T. Rozier - M. Bridges - P. Washington - L. Ball,CHA,684,680,8.4,1.4,7.0,2021-22,Regular Season
-201588-203114-203507-1626171-1628960-,G. Hill - K. Middleton - G. Antetokounmpo - B. Portis - G. Allen,MIL,127,122,16.1,9.4,6.8,2021-22,Regular Season
-201976-1626156-1626157-1629020-1630162-,P. Beverley - D. Russell - K. Towns - J. Vanderbilt - A. Edwards,MIN,914,900,11.0,4.1,6.8,2021-22,Regular Season
-200752-201144-203497-203903-204060-,R. Gay - M. Conley - R. Gobert - J. Clarkson - J. Ingles,UTA,466,461,16.3,9.7,6.6,2021-22,Regular Season
-2544-201566-202340-1626169-1628370-,L. James - R. Westbrook - A. Bradley - S. Johnson - M. Monk,LAL,192,190,6.5,-0.1,6.6,2021-22,Regular Season
-200768-200782-202710-1628389-1629622-,K. Lowry - P. Tucker - J. Butler III - B. Adebayo - M. Strus,MIA,106,103,12.7,6.2,6.5,2021-22,Regular Season
-202709-203924-1628977-1630180-1630191-,C. Joseph - J. Grant - H. Diallo - S. Bey - I. Stewart,DET,164,164,-6.2,-12.7,6.5,2021-22,Regular Season
-203991-1627789-1628381-1628989-1629027-,C. Capela - T. Luwawu-Cabarrot - J. Collins - K. Huerter - T. Young,ATL,316,309,7.1,0.7,6.4,2021-22,Regular Season
-201942-202696-203897-1629632-1629750-,D. DeRozan - N. Vučević - Z. LaVine - C. White - J. Green,CHI,217,222,10.3,3.9,6.3,2021-22,Regular Season
-203501-203939-1627827-1628973-1629029-,T. Hardaway Jr. - D. Powell - D. Finney-Smith - J. Brunson - L. Dončić,DAL,203,198,8.7,2.4,6.3,2021-22,Regular Season
-203200-1626167-1627734-1627747-1630537-,J. Holiday - M. Turner - D. Sabonis - C. LeVert - C. Duarte,SAC,106,103,4.3,-2.0,6.3,2021-22,Regular Season
-202685-203468-1627742-1629637-1630529-,J. Valančiūnas - C. McCollum - B. Ingram - J. Hayes - H. Jones,NOP,290,295,9.0,3.0,5.9,2021-22,Regular Season
-203109-1626164-1626166-1628969-1629028-,J. Crowder - D. Booker - C. Payne - M. Bridges - D. Ayton,PHX,300,298,13.1,7.5,5.7,2021-22,Regular Season
-202355-202711-203903-1626220-1628378-,H. Whiteside - B. Bogdanović - J. Clarkson - R. O'Neale - D. Mitchell,UTA,453,466,12.4,6.7,5.7,2021-22,Regular Season
-1628964-1628976-1630175-1630181-1630532-,M. Bamba - W. Carter Jr. - C. Anthony - R. Hampton - F. Wagner,ORL,208,215,-2.8,-8.5,5.7,2021-22,Regular Season
-201587-202331-202694-202704-1627826-,N. Batum - P. George - M. Morris Sr. - R. Jackson - I. Zubac,LAC,176,176,3.6,-1.9,5.5,2021-22,Regular Season
-1626174-1629645-1630224-1630256-1630578-,C. Wood - K. Porter Jr. - J. Green - J. Tate - A. Sengun,HOU,124,124,-7.6,-13.0,5.4,2021-22,Regular Season
-203991-203992-1628989-1629027-1629631-,C. Capela - B. Bogdanović - K. Huerter - T. Young - D. Hunter,ATL,279,278,9.6,4.3,5.3,2021-22,Regular Season
-203085-203115-203932-203999-1628420-,A. Rivers - W. Barton - A. Gordon - N. Jokić - M. Morris,DEN,254,252,13.2,8.3,4.9,2021-22,Regular Season
-201950-203114-203507-1626171-1626192-,J. Holiday - K. Middleton - G. Antetokounmpo - B. Portis - P. Connaughton,MIL,122,118,11.6,6.7,4.9,2021-22,Regular Season
-203084-203200-1626168-1627734-1628368-,H. Barnes - J. Holiday - T. Lyles - D. Sabonis - D. Fox,SAC,188,187,-0.9,-5.8,4.9,2021-22,Regular Season
-203484-203526-204001-1628398-1630557-,K. Caldwell-Pope - R. Neto - K. Porziņģis - K. Kuzma - C. Kispert,WAS,147,146,0.8,-3.9,4.7,2021-22,Regular Season
-1628374-1628386-1629636-1630171-1630596-,L. Markkanen - J. Allen - D. Garland - I. Okoro - E. Mobley,CLE,456,455,11.2,6.6,4.6,2021-22,Regular Season
-203484-203915-1628398-1628988-1629655-,K. Caldwell-Pope - S. Dinwiddie - K. Kuzma - A. Holiday - D. Gafford,WAS,107,111,-1.4,-5.9,4.6,2021-22,Regular Season
-201939-202691-203490-203952-1626172-,S. Curry - K. Thompson - O. Porter Jr. - A. Wiggins - K. Looney,GSW,174,174,10.6,6.1,4.5,2021-22,Regular Season
-203991-203992-1628381-1629027-1629631-,C. Capela - B. Bogdanović - J. Collins - T. Young - D. Hunter,ATL,502,491,4.2,-0.1,4.4,2021-22,Regular Season
-201939-203110-203490-203952-1629673-,S. Curry - D. Green - O. Porter Jr. - A. Wiggins - J. Poole,GSW,114,111,12.0,7.7,4.3,2021-22,Regular Season
-202709-1626168-1628402-1628977-1630180-,C. Joseph - T. Lyles - F. Jackson - H. Diallo - S. Bey,DET,128,123,-3.8,-8.0,4.2,2021-22,Regular Season
-1628404-1629234-1629604-1630314-1630570-,J. Hart - D. Eubanks - C. Elleby - B. Williams - T. Watford,POR,137,136,-9.9,-14.1,4.2,2021-22,Regular Season
-200782-202710-1628389-1629130-1629216-,P. Tucker - J. Butler III - B. Adebayo - D. Robinson - G. Vincent,MIA,326,323,6.6,2.5,4.1,2021-22,Regular Season
-202692-203095-203944-1629011-1629628-,A. Burks - E. Fournier - J. Randle - M. Robinson - R. Barrett,NYK,890,879,0.3,-3.6,4.0,2021-22,Regular Season
-201145-203115-203932-203999-1628420-,J. Green - W. Barton - A. Gordon - N. Jokić - M. Morris,DEN,1594,1571,7.9,4.1,3.8,2021-22,Regular Season
-203078-203526-1626149-1628398-1630166-,B. Beal - R. Neto - M. Harrell - K. Kuzma - D. Avdija,WAS,136,144,3.5,-0.3,3.7,2021-22,Regular Season
-202331-202704-1627826-1628379-1629611-,P. George - R. Jackson - I. Zubac - L. Kennard - T. Mann,LAC,114,113,6.0,2.2,3.7,2021-22,Regular Season
-203084-203090-1626158-1630169-1630558-,H. Barnes - M. Harkless - R. Holmes - T. Haliburton - D. Mitchell,SAC,151,145,-1.4,-4.6,3.2,2021-22,Regular Season
-204001-1627827-1628467-1628973-1629029-,K. Porziņģis - D. Finney-Smith - M. Kleber - J. Brunson - L. Dončić,DAL,180,183,7.7,4.6,3.1,2021-22,Regular Season
-1628964-1628976-1630175-1630532-1630591-,M. Bamba - W. Carter Jr. - C. Anthony - F. Wagner - J. Suggs,ORL,881,887,-0.2,-3.3,3.1,2021-22,Regular Season
-1626156-1626157-1627736-1629020-1630162-,D. Russell - K. Towns - M. Beasley - J. Vanderbilt - A. Edwards,MIN,218,211,10.1,7.0,3.1,2021-22,Regular Season
-201942-202696-203897-1628366-1630172-,D. DeRozan - N. Vučević - Z. LaVine - L. Ball - P. Williams,CHI,136,134,7.7,4.8,2.9,2021-22,Regular Season
-200768-200782-203473-1629130-1629639-,K. Lowry - P. Tucker - D. Dedmon - D. Robinson - T. Herro,MIA,192,194,5.9,3.0,2.9,2021-22,Regular Season
-1626196-1627749-1627751-1629640-1630170-,J. Richardson - D. Murray - J. Poeltl - K. Johnson - D. Vassell,SAS,153,148,4.9,2.0,2.9,2021-22,Regular Season
-200768-200782-1628389-1629130-1629639-,K. Lowry - P. Tucker - B. Adebayo - D. Robinson - T. Herro,MIA,132,128,8.0,5.2,2.8,2021-22,Regular Season
-201142-201933-201935-203925-1628971-,K. Durant - B. Griffin - J. Harden - J. Harris - B. Brown,BKN,358,369,7.5,4.8,2.8,2021-22,Regular Season
-200768-202710-1628997-1629639-1630209-,K. Lowry - J. Butler III - C. Martin - T. Herro - O. Yurtseven,MIA,101,104,12.2,9.5,2.7,2021-22,Regular Season
-1626162-1626179-1628970-1629023-1630163-,K. Oubre Jr. - T. Rozier - M. Bridges - P. Washington - L. Ball,CHA,172,162,1.8,-0.7,2.5,2021-22,Regular Season
-202692-203944-1629011-1629628-1630193-,A. Burks - J. Randle - M. Robinson - R. Barrett - I. Quickley,NYK,101,105,0.0,-2.4,2.4,2021-22,Regular Season
-203081-203468-203496-203994-1626181-,D. Lillard - C. McCollum - R. Covington - J. Nurkić - N. Powell,POR,585,580,1.0,-1.3,2.3,2021-22,Regular Season
-202685-1627742-1628984-1629638-1630529-,J. Valančiūnas - B. Ingram - D. Graham - N. Alexander-Walker - H. Jones,NOP,209,202,4.2,1.9,2.3,2021-22,Regular Season
-203926-1627749-1627751-1628401-1629640-,D. McDermott - D. Murray - J. Poeltl - D. White - K. Johnson,SAS,653,652,3.8,1.6,2.2,2021-22,Regular Season
-203500-1626145-1628415-1628991-1630217-,S. Adams - T. Jones - D. Brooks - J. Jackson Jr. - D. Bane,MEM,382,387,10.4,8.3,2.1,2021-22,Regular Season
-201568-203992-1626153-1628989-1630168-,D. Gallinari - B. Bogdanović - D. Wright - K. Huerter - O. Okongwu,ATL,144,146,10.2,8.2,2.0,2021-22,Regular Season
-201144-202711-203497-1626220-1628378-,M. Conley - B. Bogdanović - R. Gobert - R. O'Neale - D. Mitchell,UTA,1367,1386,8.3,6.4,2.0,2021-22,Regular Season
-200746-201142-201935-201988-1627761-,L. Aldridge - K. Durant - J. Harden - P. Mills - D. Bembry,BKN,200,193,4.2,2.2,2.0,2021-22,Regular Season
-203484-203526-1628398-1628418-1630557-,K. Caldwell-Pope - R. Neto - K. Kuzma - T. Bryant - C. Kispert,WAS,148,150,0.9,-1.0,1.9,2021-22,Regular Season
-202692-203095-203944-1629628-1630579-,A. Burks - E. Fournier - J. Randle - R. Barrett - J. Sims,NYK,121,121,0.7,-1.2,1.9,2021-22,Regular Season
-1629645-1629726-1630224-1630256-1630578-,K. Porter Jr. - G. Mathews - J. Green - J. Tate - A. Sengun,HOU,234,235,-9.1,-11.0,1.9,2021-22,Regular Season
-201942-202696-203897-1629750-1630245-,D. DeRozan - N. Vučević - Z. LaVine - J. Green - A. Dosunmu,CHI,512,518,-0.8,-2.6,1.8,2021-22,Regular Season
-203115-203932-203999-1628420-1630538-,W. Barton - A. Gordon - N. Jokić - M. Morris - B. Hyland,DEN,146,137,6.6,4.8,1.8,2021-22,Regular Season
-202692-203095-1629011-1629628-1630167-,A. Burks - E. Fournier - M. Robinson - R. Barrett - O. Toppin,NYK,116,114,2.5,0.8,1.7,2021-22,Regular Season
-101108-1626164-1628969-1629661-1630188-,C. Paul - D. Booker - M. Bridges - C. Johnson - J. Smith,PHX,163,164,9.1,7.5,1.6,2021-22,Regular Season
-203109-1626164-1628969-1629028-1629661-,J. Crowder - D. Booker - M. Bridges - D. Ayton - C. Johnson,PHX,142,143,12.4,10.9,1.5,2021-22,Regular Season
-203991-1627789-1628989-1629027-1629631-,C. Capela - T. Luwawu-Cabarrot - K. Huerter - T. Young - D. Hunter,ATL,202,209,1.6,0.0,1.5,2021-22,Regular Season
-201942-202696-203897-1628366-1629750-,D. DeRozan - N. Vučević - Z. LaVine - L. Ball - J. Green,CHI,318,319,2.5,1.0,1.5,2021-22,Regular Season
-201145-203115-203932-203999-1630538-,J. Green - W. Barton - A. Gordon - N. Jokić - B. Hyland,DEN,175,166,1.7,0.3,1.4,2021-22,Regular Season
-203078-203484-203915-1628398-1629655-,B. Beal - K. Caldwell-Pope - S. Dinwiddie - K. Kuzma - D. Gafford,WAS,651,650,-5.8,-7.3,1.4,2021-22,Regular Season
-1627749-1627751-1629022-1629640-1630170-,D. Murray - J. Poeltl - L. Walker IV - K. Johnson - D. Vassell,SAS,138,141,2.1,0.7,1.4,2021-22,Regular Season
-202331-202339-202694-202704-1627826-,P. George - E. Bledsoe - M. Morris Sr. - R. Jackson - I. Zubac,LAC,129,134,-2.8,-4.2,1.3,2021-22,Regular Season
-1628381-1628989-1629027-1629631-1630168-,J. Collins - K. Huerter - T. Young - D. Hunter - O. Okongwu,ATL,122,128,-1.2,-2.0,0.8,2021-22,Regular Season
-203926-1627749-1627751-1629640-1630170-,D. McDermott - D. Murray - J. Poeltl - K. Johnson - D. Vassell,SAS,331,325,0.2,-0.6,0.8,2021-22,Regular Season
-1627749-1627751-1628401-1629640-1630170-,D. Murray - J. Poeltl - D. White - K. Johnson - D. Vassell,SAS,190,186,3.4,2.7,0.7,2021-22,Regular Season
-1626179-1628970-1628998-1629023-1630163-,T. Rozier - M. Bridges - C. Martin - P. Washington - L. Ball,CHA,192,193,2.7,2.1,0.6,2021-22,Regular Season
-201144-202711-1626220-1628378-1628962-,M. Conley - B. Bogdanović - R. O'Neale - D. Mitchell - U. Azubuike,UTA,107,106,2.8,2.2,0.6,2021-22,Regular Season
-201568-203991-1628989-1629027-1629631-,D. Gallinari - C. Capela - K. Huerter - T. Young - D. Hunter,ATL,476,479,3.3,2.8,0.5,2021-22,Regular Season
-203991-1628381-1628989-1629027-1629631-,C. Capela - J. Collins - K. Huerter - T. Young - D. Hunter,ATL,391,381,1.2,0.9,0.3,2021-22,Regular Season
-203082-203914-1629021-1629643-1630591-,T. Ross - G. Harris - M. Wagner - C. Okeke - J. Suggs,ORL,140,141,-10.5,-10.7,0.3,2021-22,Regular Season
-101108-203109-1628969-1629013-1629028-,C. Paul - J. Crowder - M. Bridges - L. Shamet - D. Ayton,PHX,241,237,9.4,9.2,0.2,2021-22,Regular Season
-201959-202689-203095-203944-1629628-,T. Gibson - K. Walker - E. Fournier - J. Randle - R. Barrett,NYK,167,169,-6.0,-6.0,-0.0,2021-22,Regular Season
-203500-1628991-1629001-1629630-1630217-,S. Adams - J. Jackson Jr. - D. Melton - J. Morant - D. Bane,MEM,361,353,4.6,4.7,-0.1,2021-22,Regular Season
-201980-202699-203552-203954-1630178-,D. Green - T. Harris - S. Curry - J. Embiid - T. Maxey,PHI,507,489,5.5,5.7,-0.2,2021-22,Regular Season
-201572-201950-202083-203114-203507-,B. Lopez - J. Holiday - W. Matthews - K. Middleton - G. Antetokounmpo,MIL,135,138,4.9,5.2,-0.3,2021-22,Regular Season
-1626174-1629645-1629726-1630224-1630231-,C. Wood - K. Porter Jr. - G. Mathews - J. Green - K. Martin,HOU,172,178,-9.7,-9.3,-0.4,2021-22,Regular Season
-201143-1627759-1628369-1628401-1629684-,A. Horford - J. Brown - J. Tatum - D. White - G. Williams,BOS,137,135,15.0,15.4,-0.4,2021-22,Regular Season
-1626174-1629645-1629726-1630224-1630256-,C. Wood - K. Porter Jr. - G. Mathews - J. Green - J. Tate,HOU,277,275,-8.4,-7.9,-0.5,2021-22,Regular Season
-1628977-1630165-1630180-1630191-1630595-,H. Diallo - K. Hayes - S. Bey - I. Stewart - C. Cunningham,DET,326,327,-10.3,-9.8,-0.5,2021-22,Regular Season
-203914-1628976-1629643-1630175-1630532-,G. Harris - W. Carter Jr. - C. Okeke - C. Anthony - F. Wagner,ORL,170,173,-2.6,-2.1,-0.6,2021-22,Regular Season
-1628374-1628386-1629012-1629636-1630596-,L. Markkanen - J. Allen - C. Sexton - D. Garland - E. Mobley,CLE,140,141,0.8,1.5,-0.7,2021-22,Regular Season
-201569-1626174-1629717-1629726-1630256-,E. Gordon - C. Wood - A. Brooks - G. Mathews - J. Tate,HOU,214,206,-8.5,-7.7,-0.7,2021-22,Regular Season
-202330-203486-1626162-1628970-1630163-,G. Hayward - M. Plumlee - K. Oubre Jr. - M. Bridges - L. Ball,CHA,176,181,-2.7,-1.9,-0.7,2021-22,Regular Season
-201950-203114-203507-1626171-1628960-,J. Holiday - K. Middleton - G. Antetokounmpo - B. Portis - G. Allen,MIL,714,714,8.3,9.0,-0.7,2021-22,Regular Season
-203078-203484-203915-1626149-1628398-,B. Beal - K. Caldwell-Pope - S. Dinwiddie - M. Harrell - K. Kuzma,WAS,257,249,-5.0,-4.0,-0.9,2021-22,Regular Season
-201939-203110-203952-1626172-1629673-,S. Curry - D. Green - A. Wiggins - K. Looney - J. Poole,GSW,742,744,7.3,8.3,-1.0,2021-22,Regular Season
-201942-202696-1629632-1629750-1630245-,D. DeRozan - N. Vučević - C. White - J. Green - A. Dosunmu,CHI,104,108,-1.4,-0.3,-1.0,2021-22,Regular Season
-2544-201566-201599-203076-203145-,L. James - R. Westbrook - D. Jordan - A. Davis - K. Bazemore,LAL,103,104,-14.2,-13.1,-1.1,2021-22,Regular Season
-202066-202685-1628404-1628984-1629638-,G. Temple - J. Valančiūnas - J. Hart - D. Graham - N. Alexander-Walker,NOP,273,265,-9.8,-8.6,-1.2,2021-22,Regular Season
-202699-203954-1627788-1629680-1630178-,T. Harris - J. Embiid - F. Korkmaz - M. Thybulle - T. Maxey,PHI,163,164,6.3,7.6,-1.3,2021-22,Regular Season
-202066-1626195-1628404-1628984-1630529-,G. Temple - W. Hernangomez - J. Hart - D. Graham - H. Jones,NOP,124,123,-12.0,-10.6,-1.4,2021-22,Regular Season
-1628983-1629652-1630526-1630581-1630598-,S. Gilgeous-Alexander - L. Dort - J. Robinson-Earl - J. Giddey - A. Wiggins,OKC,262,269,-9.2,-7.7,-1.5,2021-22,Regular Season
-1627749-1627751-1628401-1629022-1629640-,D. Murray - J. Poeltl - D. White - L. Walker IV - K. Johnson,SAS,167,169,-0.6,1.2,-1.7,2021-22,Regular Season
-203084-1627745-1628368-1628963-1630169-,H. Barnes - D. Jones - D. Fox - M. Bagley III - T. Haliburton,SAC,113,115,-10.0,-8.3,-1.7,2021-22,Regular Season
-101108-203109-1626164-1628969-1629028-,C. Paul - J. Crowder - D. Booker - M. Bridges - D. Ayton,PHX,1554,1562,8.4,10.4,-2.0,2021-22,Regular Season
-200752-201144-203497-203903-1627863-,R. Gay - M. Conley - R. Gobert - J. Clarkson - D. House Jr.,UTA,161,157,10.5,12.6,-2.1,2021-22,Regular Season
-1626149-1626162-1626179-1628970-1628998-,M. Harrell - K. Oubre Jr. - T. Rozier - M. Bridges - C. Martin,CHA,127,128,-0.5,1.6,-2.1,2021-22,Regular Season
-203078-203484-203526-1628398-1629655-,B. Beal - K. Caldwell-Pope - R. Neto - K. Kuzma - D. Gafford,WAS,147,151,-7.6,-5.5,-2.1,2021-22,Regular Season
-202330-203486-1626179-1628970-1630163-,G. Hayward - M. Plumlee - T. Rozier - M. Bridges - L. Ball,CHA,800,791,-1.1,1.1,-2.2,2021-22,Regular Season
-202066-202685-1627742-1628984-1630529-,G. Temple - J. Valančiūnas - B. Ingram - D. Graham - H. Jones,NOP,139,138,-6.8,-4.3,-2.5,2021-22,Regular Season
-1626168-1628977-1630165-1630180-1630595-,T. Lyles - H. Diallo - K. Hayes - S. Bey - C. Cunningham,DET,155,156,-14.5,-12.0,-2.5,2021-22,Regular Season
-203082-203914-1628964-1629643-1630591-,T. Ross - G. Harris - M. Bamba - C. Okeke - J. Suggs,ORL,111,114,-15.1,-12.6,-2.6,2021-22,Regular Season
-1627783-1627832-1628384-1629018-1630567-,P. Siakam - F. VanVleet - O. Anunoby - G. Trent Jr. - S. Barnes,TOR,700,706,1.3,3.9,-2.6,2021-22,Regular Season
-203200-1626167-1626208-1627734-1630613-,J. Holiday - M. Turner - K. Sykes - D. Sabonis - D. Washington Jr.,IND,143,140,-11.3,-8.4,-2.8,2021-22,Regular Season
-201142-202681-203083-203552-1628971-,K. Durant - K. Irving - A. Drummond - S. Curry - B. Brown,BKN,285,280,-0.2,2.6,-2.8,2021-22,Regular Season
-203468-203469-1626204-1629014-1629642-,C. McCollum - C. Zeller - L. Nance Jr. - A. Simons - N. Little,POR,101,108,-2.7,0.3,-3.0,2021-22,Regular Season
-202709-203924-1628963-1630180-1630595-,C. Joseph - J. Grant - M. Bagley III - S. Bey - C. Cunningham,DET,181,184,-10.3,-7.2,-3.1,2021-22,Regular Season
-201980-202699-203552-203954-1629003-,D. Green - T. Harris - S. Curry - J. Embiid - S. Milton,PHI,123,126,-1.7,1.8,-3.5,2021-22,Regular Season
-1628964-1629643-1630175-1630181-1630532-,M. Bamba - C. Okeke - C. Anthony - R. Hampton - F. Wagner,ORL,177,179,-9.6,-6.1,-3.6,2021-22,Regular Season
-202692-203095-1629628-1630167-1630579-,A. Burks - E. Fournier - R. Barrett - O. Toppin - J. Sims,NYK,130,130,-4.6,-1.0,-3.6,2021-22,Regular Season
-203471-203935-1627759-1628369-1629057-,D. Schröder - M. Smart - J. Brown - J. Tatum - R. Williams III,BOS,137,137,6.3,9.9,-3.6,2021-22,Regular Season
-201588-203114-203507-1626192-1628960-,G. Hill - K. Middleton - G. Antetokounmpo - P. Connaughton - G. Allen,MIL,117,129,-1.3,2.5,-3.8,2021-22,Regular Season
-200782-202710-1628389-1629130-1629639-,P. Tucker - J. Butler III - B. Adebayo - D. Robinson - T. Herro,MIA,223,225,1.3,5.2,-3.9,2021-22,Regular Season
-203084-1626158-1628368-1629002-1630169-,H. Barnes - R. Holmes - D. Fox - C. Metu - T. Haliburton,SAC,148,143,-11.5,-6.6,-4.8,2021-22,Regular Season
-202696-203897-1628972-1629632-1630245-,N. Vučević - Z. LaVine - T. Brown Jr. - C. White - A. Dosunmu,CHI,146,153,-9.9,-4.8,-5.0,2021-22,Regular Season
-201950-203114-1626171-1626192-1628960-,J. Holiday - K. Middleton - B. Portis - P. Connaughton - G. Allen,MIL,114,112,-3.2,1.9,-5.1,2021-22,Regular Season
-201976-1627736-1629020-1629675-1630162-,P. Beverley - M. Beasley - J. Vanderbilt - N. Reid - A. Edwards,MIN,124,124,-5.3,-0.2,-5.2,2021-22,Regular Season
-203920-1627783-1627832-1629018-1630567-,K. Birch - P. Siakam - F. VanVleet - G. Trent Jr. - S. Barnes,TOR,387,386,-4.1,1.1,-5.2,2021-22,Regular Season
-203920-1627783-1627832-1628384-1629018-,K. Birch - P. Siakam - F. VanVleet - O. Anunoby - G. Trent Jr.,TOR,118,113,0.1,5.3,-5.2,2021-22,Regular Season
-203084-203458-1628368-1628963-1630169-,H. Barnes - A. Len - D. Fox - M. Bagley III - T. Haliburton,SAC,117,115,-15.3,-10.1,-5.2,2021-22,Regular Season
-202711-203497-203903-1626220-1628378-,B. Bogdanović - R. Gobert - J. Clarkson - R. O'Neale - D. Mitchell,UTA,180,178,1.0,6.3,-5.3,2021-22,Regular Season
-201587-202331-202339-202704-1627826-,N. Batum - P. George - E. Bledsoe - R. Jackson - I. Zubac,LAC,356,362,-7.6,-2.2,-5.4,2021-22,Regular Season
-203484-203526-1628398-1629655-1630557-,K. Caldwell-Pope - R. Neto - K. Kuzma - D. Gafford - C. Kispert,WAS,152,153,-8.1,-2.6,-5.4,2021-22,Regular Season
-203496-1628379-1628392-1629599-1629611-,R. Covington - L. Kennard - I. Hartenstein - A. Coffey - T. Mann,LAC,151,154,0.9,6.5,-5.7,2021-22,Regular Season
-203926-1627749-1628401-1629234-1629640-,D. McDermott - D. Murray - D. White - D. Eubanks - K. Johnson,SAS,221,232,-8.1,-1.9,-6.2,2021-22,Regular Season
-202684-203084-1627741-1629002-1630169-,T. Thompson - H. Barnes - B. Hield - C. Metu - T. Haliburton,SAC,108,107,-17.5,-11.3,-6.2,2021-22,Regular Season
-202694-202704-1627826-1628379-1629611-,M. Morris Sr. - R. Jackson - I. Zubac - L. Kennard - T. Mann,LAC,133,133,-8.0,-1.7,-6.3,2021-22,Regular Season
-203084-1626158-1627741-1628368-1630169-,H. Barnes - R. Holmes - B. Hield - D. Fox - T. Haliburton,SAC,146,141,-13.3,-7.0,-6.3,2021-22,Regular Season
-1627751-1629640-1630170-1630200-1630563-,J. Poeltl - K. Johnson - D. Vassell - T. Jones - J. Primo,SAS,106,108,-4.3,2.3,-6.6,2021-22,Regular Season
-201587-202694-202704-1627826-1629599-,N. Batum - M. Morris Sr. - R. Jackson - I. Zubac - A. Coffey,LAC,445,443,-13.4,-6.8,-6.7,2021-22,Regular Season
-1628983-1629647-1629652-1630526-1630581-,S. Gilgeous-Alexander - D. Bazley - L. Dort - J. Robinson-Earl - J. Giddey,OKC,536,540,-16.2,-9.5,-6.7,2021-22,Regular Season
-101108-201580-1626164-1628969-1629661-,C. Paul - J. McGee - D. Booker - M. Bridges - C. Johnson,PHX,132,127,1.9,8.7,-6.8,2021-22,Regular Season
-202355-202711-204060-1626220-1628378-,H. Whiteside - B. Bogdanović - J. Ingles - R. O'Neale - D. Mitchell,UTA,262,254,-2.7,4.1,-6.9,2021-22,Regular Season
-201942-202696-203897-1627884-1628366-,D. DeRozan - N. Vučević - Z. LaVine - D. Jones Jr. - L. Ball,CHI,136,133,-4.4,2.6,-7.0,2021-22,Regular Season
-203500-1628991-1629630-1630217-1630533-,S. Adams - J. Jackson Jr. - J. Morant - D. Bane - Z. Williams,MEM,446,426,-0.4,6.7,-7.0,2021-22,Regular Season
-1626156-1626157-1629020-1630162-1630183-,D. Russell - K. Towns - J. Vanderbilt - A. Edwards - J. McDaniels,MIN,333,330,-3.8,3.4,-7.1,2021-22,Regular Season
-202689-203095-203944-1629011-1629628-,K. Walker - E. Fournier - J. Randle - M. Robinson - R. Barrett,NYK,861,859,-14.7,-7.3,-7.4,2021-22,Regular Season
-1629676-1630177-1630197-1630249-1630598-,I. Roby - T. Maledon - A. Pokusevski - V. Krejčí - A. Wiggins,OKC,106,105,-11.1,-3.4,-7.7,2021-22,Regular Season
-203493-1627827-1628467-1628973-1629029-,R. Bullock Jr. - D. Finney-Smith - M. Kleber - J. Brunson - L. Dončić,DAL,207,203,1.0,8.8,-7.7,2021-22,Regular Season
-201569-1629726-1630231-1630528-1630578-,E. Gordon - G. Mathews - K. Martin - J. Christopher - A. Sengun,HOU,121,121,-15.1,-7.2,-7.9,2021-22,Regular Season
-202692-203095-203457-203944-1629628-,A. Burks - E. Fournier - N. Noel - J. Randle - R. Barrett,NYK,122,131,-12.0,-4.2,-7.9,2021-22,Regular Season
-1626156-1627736-1627752-1629675-1630183-,D. Russell - M. Beasley - T. Prince - N. Reid - J. McDaniels,MIN,109,110,-13.3,-5.2,-8.1,2021-22,Regular Season
-203486-1626162-1626179-1628970-1630163-,M. Plumlee - K. Oubre Jr. - T. Rozier - M. Bridges - L. Ball,CHA,214,215,-9.5,-1.3,-8.2,2021-22,Regular Season
-201144-202711-203497-204060-1626220-,M. Conley - B. Bogdanović - R. Gobert - J. Ingles - R. O'Neale,UTA,176,170,-1.5,6.7,-8.2,2021-22,Regular Season
-203200-1626167-1627734-1627763-1630537-,J. Holiday - M. Turner - D. Sabonis - M. Brogdon - C. Duarte,IND,168,168,-9.4,-1.1,-8.3,2021-22,Regular Season
-201950-203507-1626171-1626192-1628960-,J. Holiday - G. Antetokounmpo - B. Portis - P. Connaughton - G. Allen,MIL,110,111,-3.9,5.0,-8.9,2021-22,Regular Season
-1627749-1627751-1629640-1630170-1630563-,D. Murray - J. Poeltl - K. Johnson - D. Vassell - J. Primo,SAS,179,178,-8.5,0.5,-9.0,2021-22,Regular Season
-203924-1630165-1630180-1630191-1630595-,J. Grant - K. Hayes - S. Bey - I. Stewart - C. Cunningham,DET,526,527,-17.6,-8.1,-9.5,2021-22,Regular Season
-201939-202691-203952-1626172-1630541-,S. Curry - K. Thompson - A. Wiggins - K. Looney - M. Moody,GSW,106,106,-3.0,6.5,-9.5,2021-22,Regular Season
-203471-1629726-1630231-1630528-1630578-,D. Schröder - G. Mathews - K. Martin - J. Christopher - A. Sengun,HOU,108,112,-14.0,-4.4,-9.6,2021-22,Regular Season
-101108-202687-1626164-1628969-1629661-,C. Paul - B. Biyombo - D. Booker - M. Bridges - C. Johnson,PHX,178,174,-2.0,7.9,-9.8,2021-22,Regular Season
-201976-1626157-1627736-1629020-1630162-,P. Beverley - K. Towns - M. Beasley - J. Vanderbilt - A. Edwards,MIN,209,213,-8.0,2.0,-9.9,2021-22,Regular Season
-202685-203468-1627742-1628984-1630529-,J. Valančiūnas - C. McCollum - B. Ingram - D. Graham - H. Jones,NOP,119,114,-11.2,-1.1,-10.1,2021-22,Regular Season
-201980-202699-203954-1629680-1630178-,D. Green - T. Harris - J. Embiid - M. Thybulle - T. Maxey,PHI,115,115,-6.9,3.5,-10.4,2021-22,Regular Season
-202339-1628379-1628392-1629611-1630527-,E. Bledsoe - L. Kennard - I. Hartenstein - T. Mann - B. Boston,LAC,125,128,-6.1,5.0,-11.2,2021-22,Regular Season
-202685-1627742-1628404-1628984-1629638-,J. Valančiūnas - B. Ingram - J. Hart - D. Graham - N. Alexander-Walker,NOP,116,107,-13.3,-1.9,-11.5,2021-22,Regular Season
-2544-2546-201566-1628370-1630559-,L. James - C. Anthony - R. Westbrook - M. Monk - A. Reaves,LAL,140,132,-10.7,0.8,-11.6,2021-22,Regular Season
-202324-1628983-1629647-1629652-1630581-,D. Favors - S. Gilgeous-Alexander - D. Bazley - L. Dort - J. Giddey,OKC,211,213,-19.6,-7.6,-11.9,2021-22,Regular Season
-203471-203935-1628369-1629057-1629684-,D. Schröder - M. Smart - J. Tatum - R. Williams III - G. Williams,BOS,103,103,-6.8,6.0,-12.8,2021-22,Regular Season
-202699-203552-203954-1629680-1630178-,T. Harris - S. Curry - J. Embiid - M. Thybulle - T. Maxey,PHI,496,505,-9.5,3.4,-12.9,2021-22,Regular Season
-201580-1626166-1628969-1629013-1629661-,J. McGee - C. Payne - M. Bridges - L. Shamet - C. Johnson,PHX,124,123,-8.1,4.8,-12.9,2021-22,Regular Season
-1626174-1628464-1629645-1630224-1630256-,C. Wood - D. Theis - K. Porter Jr. - J. Green - J. Tate,HOU,357,357,-24.5,-11.3,-13.3,2021-22,Regular Season
-1627749-1627751-1628966-1629022-1630563-,D. Murray - J. Poeltl - K. Bates-Diop - L. Walker IV - J. Primo,SAS,101,106,-15.9,-2.1,-13.8,2021-22,Regular Season
-202397-1629655-1630166-1630264-1630557-,I. Smith - D. Gafford - D. Avdija - A. Gill - C. Kispert,WAS,108,114,-16.3,-2.4,-13.9,2021-22,Regular Season
-203084-203200-1626168-1627745-1630558-,H. Barnes - J. Holiday - T. Lyles - D. Jones - D. Mitchell,SAC,237,243,-21.9,-8.0,-13.9,2021-22,Regular Season
-202397-1629060-1629655-1630166-1630557-,I. Smith - R. Hachimura - D. Gafford - D. Avdija - C. Kispert,WAS,117,108,-19.7,-5.2,-14.5,2021-22,Regular Season
-203084-203090-203200-1627734-1628368-,H. Barnes - M. Harkless - J. Holiday - D. Sabonis - D. Fox,SAC,137,137,-18.0,-2.9,-15.2,2021-22,Regular Season
-203939-1627827-1628467-1628973-1629029-,D. Powell - D. Finney-Smith - M. Kleber - J. Brunson - L. Dončić,DAL,275,277,-13.0,2.4,-15.4,2021-22,Regular Season
-1626145-1628991-1629634-1629723-1630217-,T. Jones - J. Jackson Jr. - B. Clarke - J. Konchar - D. Bane,MEM,242,246,-7.5,8.2,-15.7,2021-22,Regular Season
-201143-203935-1627759-1628369-1629684-,A. Horford - M. Smart - J. Brown - J. Tatum - G. Williams,BOS,129,133,-7.6,8.1,-15.7,2021-22,Regular Season
-201577-203914-1629643-1630175-1630532-,R. Lopez - G. Harris - C. Okeke - C. Anthony - F. Wagner,ORL,116,110,-23.3,-7.4,-15.9,2021-22,Regular Season
-1627747-1628374-1629636-1629650-1630171-,C. LeVert - L. Markkanen - D. Garland - M. Brown - I. Okoro,CLE,124,128,-13.9,2.7,-16.6,2021-22,Regular Season
-201566-202340-203076-1626169-1628370-,R. Westbrook - A. Bradley - A. Davis - S. Johnson - M. Monk,LAL,118,115,-20.2,-3.2,-17.0,2021-22,Regular Season
-201939-202691-203952-1626172-1630228-,S. Curry - K. Thompson - A. Wiggins - K. Looney - J. Kuminga,GSW,120,123,-7.1,10.0,-17.1,2021-22,Regular Season
-203468-203496-203994-1626181-1629014-,C. McCollum - R. Covington - J. Nurkić - N. Powell - A. Simons,LAC,260,263,-15.5,1.6,-17.1,2021-22,Regular Season
-201145-203115-203210-203932-1628420-,J. Green - W. Barton - J. Green - A. Gordon - M. Morris,DEN,155,157,-21.5,-4.2,-17.3,2021-22,Regular Season
-202709-1628977-1630180-1630191-1630595-,C. Joseph - H. Diallo - S. Bey - I. Stewart - C. Cunningham,DET,252,255,-24.5,-7.2,-17.3,2021-22,Regular Season
-201942-202696-203897-1627936-1630245-,D. DeRozan - N. Vučević - Z. LaVine - A. Caruso - A. Dosunmu,CHI,181,181,-19.3,-0.8,-18.5,2021-22,Regular Season
-203500-203937-1628991-1629630-1630217-,S. Adams - K. Anderson - J. Jackson Jr. - J. Morant - D. Bane,MEM,113,117,-16.9,1.8,-18.6,2021-22,Regular Season
-201568-203991-203992-1628989-1629027-,D. Gallinari - C. Capela - B. Bogdanović - K. Huerter - T. Young,ATL,125,119,-16.3,2.9,-19.2,2021-22,Regular Season
-203501-203939-204001-1627827-1629029-,T. Hardaway Jr. - D. Powell - K. Porziņģis - D. Finney-Smith - L. Dončić,DAL,212,213,-17.7,1.7,-19.4,2021-22,Regular Season
-203109-1626166-1628969-1629013-1629028-,J. Crowder - C. Payne - M. Bridges - L. Shamet - D. Ayton,PHX,163,159,-10.4,9.1,-19.5,2021-22,Regular Season
-200768-200782-202710-1628389-1629639-,K. Lowry - P. Tucker - J. Butler III - B. Adebayo - T. Herro,MIA,110,108,-13.1,6.7,-19.7,2021-22,Regular Season
-202684-203084-1627741-1628368-1630558-,T. Thompson - H. Barnes - B. Hield - D. Fox - D. Mitchell,SAC,105,107,-24.7,-4.3,-20.4,2021-22,Regular Season
-202330-1626179-1628970-1629023-1630163-,G. Hayward - T. Rozier - M. Bridges - P. Washington - L. Ball,CHA,186,185,-20.0,0.6,-20.6,2021-22,Regular Season
-201569-1626174-1629726-1630224-1630256-,E. Gordon - C. Wood - G. Mathews - J. Green - J. Tate,HOU,114,113,-29.5,-7.5,-22.0,2021-22,Regular Season
-203115-203210-203932-203999-1628420-,W. Barton - J. Green - A. Gordon - N. Jokić - M. Morris,DEN,112,114,-13.7,8.7,-22.4,2021-22,Regular Season
-1627741-1627763-1629052-1630169-1630543-,B. Hield - M. Brogdon - O. Brissett - T. Haliburton - I. Jackson,IND,174,166,-30.3,-4.9,-25.3,2021-22,Regular Season
-202691-203110-203952-1626172-1629673-,K. Thompson - D. Green - A. Wiggins - K. Looney - J. Poole,GSW,111,116,-25.7,-0.1,-25.6,2021-22,Regular Season
-201143-203471-203935-1628369-1629057-,A. Horford - D. Schröder - M. Smart - J. Tatum - R. Williams III,BOS,207,198,-19.1,6.7,-25.8,2021-22,Regular Season
-203484-203526-1628398-1629655-1630166-,K. Caldwell-Pope - R. Neto - K. Kuzma - D. Gafford - D. Avdija,WAS,101,104,-30.8,-5.0,-25.8,2021-22,Regular Season
-2544-2546-1628370-1629659-1630559-,L. James - C. Anthony - M. Monk - T. Horton-Tucker - A. Reaves,LAL,109,109,-24.6,2.1,-26.7,2021-22,Regular Season
-1628983-1629647-1629676-1630544-1630598-,S. Gilgeous-Alexander - D. Bazley - I. Roby - T. Mann - A. Wiggins,OKC,113,121,-37.6,-10.1,-27.6,2021-22,Regular Season
-203500-203937-1629001-1629630-1630217-,S. Adams - K. Anderson - D. Melton - J. Morant - D. Bane,MEM,129,128,-24.5,6.0,-30.6,2021-22,Regular Season
-203493-203501-203939-1627827-1629029-,R. Bullock Jr. - T. Hardaway Jr. - D. Powell - D. Finney-Smith - L. Dončić,DAL,110,110,-30.7,2.0,-32.7,2021-22,Regular Season
-1630165-1630180-1630191-1630587-1630595-,K. Hayes - S. Bey - I. Stewart - I. Livers - C. Cunningham,DET,107,110,-44.4,-10.3,-34.0,2021-22,Regular Season
-1628982-1629658-1630249-1630285-1630686-,M. Frazier Jr. - J. Hoard - V. Krejčí - Z. Simpson - B. Kalaitzakis,OKC,131,131,-47.7,-11.7,-36.0,2021-22,Regular Season
