PLAYER_ID,PLAYER_NAME,TEAM_ABBREVIATION,O_RAPM,D_RAPM,RAPM,POSS,SEASON,SEASON_TYPE
203496,R. Covington,PHI,1.83,3.94,5.77,10656,2017-18,Regular Season
201939,S. Curry,GSW,5.67,-0.01,5.66,7140,2017-18,Regular Season
101108,C. Paul,HOU,4.42,0.55,4.97,7501,2017-18,Regular Season
201569,E. Gordon,HOU,3.57,1.32,4.89,8969,2017-18,Regular Season
203954,J. Embiid,PHI,2.49,2.32,4.81,7930,2017-18,Regular Season
203081,D. Lillard,POR,2.87,1.37,4.24,11083,2017-18,Regular Season
203490,O. Porter Jr.,WAS,2.67,1.48,4.15,9885,2017-18,Regular Season
203506,V. Oladipo,IND,1.85,2.24,4.09,10409,2017-18,Regular Season
202710,J. Butler III,MIN,1.92,1.98,3.9,8661,2017-18,Regular Season
201950,J. Holiday,NOP,2.96,0.77,3.73,12465,2017-18,Regular Season
1626145,T. Jones,MIN,2.13,1.44,3.57,5880,2017-18,Regular Season
200746,L. Aldridge,SAS,1.92,1.5,3.42,9921,2017-18,Regular Season
1628378,D. Mitchell,UTA,1.44,1.9,3.34,10716,2017-18,Regular Season
1626157,K. Towns,MIN,3.74,-0.43,3.31,11743,2017-18,Regular Season
203076,A. Davis,NOP,0.06,3.24,3.3,11651,2017-18,Regular Season
201935,J. Harden,HOU,3.47,-0.19,3.28,10492,2017-18,Regular Season
202689,K. Walker,CHA,2.81,0.47,3.28,11407,2017-18,Regular Season
2594,K. Korver,CLE,2.05,1.22,3.27,6585,2017-18,Regular Season
203507,G. Antetokounmpo,MIL,1.33,1.89,3.22,11166,2017-18,Regular Season
1627832,F. VanVleet,TOR,0.05,3.15,3.2,6196,2017-18,Regular Season
2403,Nene,HOU,1.26,1.9,3.16,3200,2017-18,Regular Season
201566,R. Westbrook,OKC,2.11,1.02,3.13,12148,2017-18,Regular Season
1626220,R. O'Neale,UTA,0.75,2.38,3.13,4648,2017-18,Regular Season
1628384,O. Anunoby,TOR,1.12,1.99,3.11,6123,2017-18,Regular Season
203460,A. Roberson,OKC,-0.86,3.88,3.02,4158,2017-18,Regular Season
1628369,J. Tatum,BOS,0.93,2.05,2.98,9871,2017-18,Regular Season
203999,N. Jokić,DEN,2.4,0.57,2.97,9895,2017-18,Regular Season
1627812,Y. Ferrell,DAL,-0.0,2.92,2.92,9153,2017-18,Regular Season
1628395,J. Bell,GSW,2.14,0.75,2.89,3403,2017-18,Regular Season
203497,R. Gobert,UTA,-0.09,2.98,2.89,7416,2017-18,Regular Season
202703,N. Mirotic,NOP,1.98,0.86,2.84,6393,2017-18,Regular Season
2544,L. James,CLE,4.35,-1.54,2.81,12540,2017-18,Regular Season
200782,P. Tucker,HOU,2.06,0.73,2.79,9381,2017-18,Regular Season
1627783,P. Siakam,TOR,2.1,0.67,2.77,6845,2017-18,Regular Season
202691,K. Thompson,GSW,1.43,1.33,2.76,10512,2017-18,Regular Season
201936,T. Evans,MEM,1.82,0.93,2.75,6386,2017-18,Regular Season
1627759,J. Brown,BOS,0.7,1.97,2.67,8782,2017-18,Regular Season
1627732,B. Simmons,PHI,1.5,1.13,2.63,11574,2017-18,Regular Season
201143,A. Horford,BOS,1.49,1.14,2.63,9188,2017-18,Regular Season
200768,K. Lowry,TOR,0.85,1.72,2.57,10432,2017-18,Regular Season
1627749,D. Murray,SAS,-1.06,3.57,2.51,6997,2017-18,Regular Season
202329,A. Aminu,POR,1.5,0.95,2.45,8559,2017-18,Regular Season
203962,J. Huestis,OKC,1.25,1.18,2.43,3912,2017-18,Regular Season
1626257,S. Mejri,DAL,1.14,1.17,2.31,2900,2017-18,Regular Season
201601,L. Mbah a Moute,HOU,0.28,2.02,2.3,6407,2017-18,Regular Season
2738,A. Iguodala,GSW,0.1,2.18,2.28,6778,2017-18,Regular Season
201586,S. Ibaka,TOR,2.13,0.14,2.27,8705,2017-18,Regular Season
203089,J. Henson,MIL,1.32,0.93,2.25,7948,2017-18,Regular Season
203482,K. Olynyk,MIA,2.6,-0.42,2.18,7115,2017-18,Regular Season
203110,D. Green,GSW,0.76,1.37,2.13,9713,2017-18,Regular Season
201152,T. Young,IND,1.21,0.91,2.12,10513,2017-18,Regular Season
204001,K. Porziņģis,NYK,0.5,1.58,2.08,6358,2017-18,Regular Season
203500,S. Adams,OKC,1.43,0.65,2.08,10272,2017-18,Regular Season
1626172,K. Looney,GSW,1.56,0.52,2.08,3774,2017-18,Regular Season
201162,J. Dudley,PHX,1.21,0.85,2.06,2869,2017-18,Regular Season
201942,D. DeRozan,TOR,3.86,-1.81,2.05,11306,2017-18,Regular Season
203935,M. Smart,BOS,0.13,1.8,1.93,6623,2017-18,Regular Season
101141,E. Ilyasova,PHI,0.97,0.95,1.92,7206,2017-18,Regular Season
101127,J. Jack,NYK,1.44,0.43,1.87,6355,2017-18,Regular Season
203200,J. Holiday,CHI,0.9,0.96,1.86,9492,2017-18,Regular Season
2733,S. Livingston,GSW,0.71,1.14,1.85,4656,2017-18,Regular Season
1627885,S. Harrison,PHX,1.13,0.72,1.85,1650,2017-18,Regular Season
203526,R. Neto,UTA,0.23,1.61,1.84,2037,2017-18,Regular Season
101112,C. Frye,LAL,1.7,0.14,1.84,2874,2017-18,Regular Season
1628379,L. Kennard,DET,1.16,0.61,1.77,5889,2017-18,Regular Season
201933,B. Griffin,DET,1.29,0.45,1.74,8099,2017-18,Regular Season
203937,K. Anderson,SAS,0.29,1.42,1.71,7924,2017-18,Regular Season
1627750,J. Murray,DEN,3.61,-1.9,1.71,10419,2017-18,Regular Season
2734,D. Harris,DEN,1.5,0.2,1.7,5487,2017-18,Regular Season
201959,T. Gibson,MIN,1.42,0.26,1.68,11083,2017-18,Regular Season
201142,K. Durant,GSW,3.33,-1.68,1.65,9910,2017-18,Regular Season
203382,A. Baynes,BOS,-1.38,3.02,1.64,5957,2017-18,Regular Season
202339,E. Bledsoe,MIL,1.42,0.19,1.61,9520,2017-18,Regular Season
101133,I. Mahinmi,WAS,0.5,1.07,1.57,4656,2017-18,Regular Season
2585,Z. Pachulia,GSW,1.34,0.21,1.55,4104,2017-18,Regular Season
201145,J. Green,CLE,0.21,1.32,1.53,7596,2017-18,Regular Season
1626204,L. Nance Jr.,CLE,-0.63,2.16,1.53,5970,2017-18,Regular Season
201148,B. Wright,HOU,-0.07,1.57,1.5,1525,2017-18,Regular Season
203914,G. Harris,DEN,0.96,0.52,1.48,9450,2017-18,Regular Season
203477,I. Canaan,PHX,1.18,0.3,1.48,1703,2017-18,Regular Season
1626155,S. Dekker,LAC,0.26,1.22,1.48,3729,2017-18,Regular Season
1627863,D. House Jr.,PHX,0.53,0.91,1.44,1688,2017-18,Regular Season
202322,J. Wall,WAS,1.15,0.29,1.44,5887,2017-18,Regular Season
200757,T. Sefolosha,UTA,0.41,1.02,1.43,3248,2017-18,Regular Season
203932,A. Gordon,ORL,0.38,1.05,1.43,8032,2017-18,Regular Season
203107,T. Satoransky,WAS,0.72,0.7,1.42,6665,2017-18,Regular Season
203991,C. Capela,HOU,0.67,0.74,1.41,8290,2017-18,Regular Season
204060,J. Ingles,UTA,0.91,0.5,1.41,10431,2017-18,Regular Season
202334,E. Davis,POR,0.3,1.08,1.38,5898,2017-18,Regular Season
202327,E. Udoh,UTA,0.05,1.32,1.37,3270,2017-18,Regular Season
203078,B. Beal,WAS,0.64,0.71,1.35,12149,2017-18,Regular Season
1627751,J. Poeltl,TOR,2.64,-1.3,1.34,6256,2017-18,Regular Season
1626171,B. Portis,CHI,2.06,-0.74,1.32,6868,2017-18,Regular Season
201578,M. Speights,ORL,0.74,0.57,1.31,2763,2017-18,Regular Season
203087,J. Lamb,CHA,1.2,0.11,1.31,8123,2017-18,Regular Season
1628455,A. James,NOP,0.71,0.56,1.27,2982,2017-18,Regular Season
203994,J. Nurkić,POR,-0.88,2.14,1.26,8618,2017-18,Regular Season
203501,T. Hardaway Jr.,NYK,0.8,0.44,1.24,7844,2017-18,Regular Season
1628401,D. White,SAS,-0.02,1.26,1.24,585,2017-18,Regular Season
203939,D. Powell,DAL,0.37,0.86,1.23,6696,2017-18,Regular Season
201937,R. Rubio,UTA,-0.4,1.63,1.23,9091,2017-18,Regular Season
200755,J. Redick,PHI,1.34,-0.12,1.22,9036,2017-18,Regular Season
202704,R. Jackson,DET,0.93,0.27,1.2,4832,2017-18,Regular Season
203095,E. Fournier,ORL,1.51,-0.32,1.19,7783,2017-18,Regular Season
201144,M. Conley,MEM,0.21,0.95,1.16,1481,2017-18,Regular Season
200794,P. Millsap,DEN,0.38,0.78,1.16,4664,2017-18,Regular Season
202397,I. Smith,DET,0.69,0.46,1.15,8370,2017-18,Regular Season
1627758,R. Baker,NYK,0.8,0.35,1.15,1557,2017-18,Regular Season
204038,L. Galloway,DET,-1.19,2.33,1.14,3490,2017-18,Regular Season
1627741,B. Hield,SAC,0.43,0.69,1.12,8107,2017-18,Regular Season
202734,E. Moore,NOP,-0.51,1.63,1.12,10998,2017-18,Regular Season
1628366,L. Ball,LAL,-0.8,1.91,1.11,7660,2017-18,Regular Season
203512,L. Nogueira,TOR,-0.13,1.21,1.08,1704,2017-18,Regular Season
1626196,J. Richardson,MIA,-0.18,1.26,1.08,10894,2017-18,Regular Season
202357,N. Bjelica,MIN,0.26,0.8,1.06,5611,2017-18,Regular Season
1626246,B. Marjanović,LAC,0.89,0.14,1.03,1409,2017-18,Regular Season
1626192,P. Connaughton,POR,1.0,0.02,1.02,6075,2017-18,Regular Season
201568,D. Gallinari,LAC,-0.43,1.43,1.0,2716,2017-18,Regular Season
203077,M. Kidd-Gilchrist,CHA,0.27,0.73,1.0,7722,2017-18,Regular Season
202933,J. Stone,CHA,0.44,0.54,0.98,736,2017-18,Regular Season
202696,N. Vučević,ORL,0.28,0.7,0.98,7122,2017-18,Regular Season
203114,K. Middleton,MIL,1.76,-0.8,0.96,12124,2017-18,Regular Season
203485,L. Brown,TOR,-0.05,1.01,0.96,543,2017-18,Regular Season
1627819,I. Taylor,ATL,0.4,0.55,0.95,4885,2017-18,Regular Season
201567,K. Love,CLE,1.52,-0.57,0.95,6764,2017-18,Regular Season
201976,P. Beverley,LAC,0.91,0.03,0.94,1318,2017-18,Regular Season
203920,K. Birch,ORL,0.5,0.43,0.93,2326,2017-18,Regular Season
201949,J. Johnson,MIA,0.64,0.29,0.93,7892,2017-18,Regular Season
203484,K. Caldwell-Pope,LAL,0.6,0.33,0.93,10447,2017-18,Regular Season
203944,J. Randle,LAL,1.43,-0.5,0.93,9235,2017-18,Regular Season
201961,W. Ellington,MIA,0.79,0.13,0.92,8165,2017-18,Regular Season
1628407,D. Bacon,CHA,-0.29,1.19,0.9,3005,2017-18,Regular Season
1626149,M. Harrell,LAC,1.28,-0.38,0.9,5462,2017-18,Regular Season
203967,D. Šarić,PHI,0.69,0.2,0.89,9688,2017-18,Regular Season
203957,D. Exum,UTA,0.38,0.5,0.88,972,2017-18,Regular Season
1627826,I. Zubac,LAL,-1.07,1.94,0.87,1719,2017-18,Regular Season
201954,D. Collison,IND,1.84,-0.98,0.86,8200,2017-18,Regular Season
201960,D. Carroll,BKN,0.22,0.64,0.86,9055,2017-18,Regular Season
1628467,M. Kleber,DAL,-0.93,1.73,0.8,4886,2017-18,Regular Season
203960,J. Sampson,SAC,-0.74,1.53,0.79,1362,2017-18,Regular Season
101150,L. Williams,LAC,3.5,-2.72,0.78,10957,2017-18,Regular Season
101181,J. Calderon,CLE,0.83,-0.05,0.78,3655,2017-18,Regular Season
1627936,A. Caruso,LAL,-0.42,1.19,0.77,2362,2017-18,Regular Season
201609,G. Dragic,MIA,0.69,0.07,0.76,9655,2017-18,Regular Season
201980,D. Green,SAS,-0.23,0.98,0.75,7109,2017-18,Regular Season
101107,M. Williams,CHA,0.02,0.73,0.75,8381,2017-18,Regular Season
1626153,D. Wright,TOR,0.13,0.59,0.72,5823,2017-18,Regular Season
1628462,M. Teodosic,LAC,0.41,0.29,0.7,4781,2017-18,Regular Season
1628444,J. Bird,BOS,0.7,-0.0,0.7,465,2017-18,Regular Season
201281,A. Ingram,LAL,0.2,0.5,0.7,285,2017-18,Regular Season
1628409,A. Peters,PHX,0.66,0.02,0.68,947,2017-18,Regular Season
203898,T. Ennis,LAL,-1.0,1.67,0.67,2862,2017-18,Regular Season
203469,C. Zeller,CHA,-0.19,0.85,0.66,2616,2017-18,Regular Season
1626178,R. Hollis-Jefferson,BKN,0.67,-0.02,0.65,8086,2017-18,Regular Season
1626159,J. Winslow,MIA,-0.97,1.61,0.64,6809,2017-18,Regular Season
1628365,M. Fultz,PHI,-0.54,1.18,0.64,1118,2017-18,Regular Season
1627734,D. Sabonis,IND,0.08,0.53,0.61,7364,2017-18,Regular Season
202697,I. Shumpert,SAC,-0.22,0.83,0.61,1154,2017-18,Regular Season
1626179,T. Rozier,BOS,-0.39,0.99,0.6,8388,2017-18,Regular Season
202722,D. Bertans,SAS,-0.06,0.62,0.56,4388,2017-18,Regular Season
203499,S. Larkin,BOS,-1.03,1.58,0.55,3073,2017-18,Regular Season
1627854,B. Forbes,SAS,0.97,-0.42,0.55,6127,2017-18,Regular Season
1628412,F. Mason III,SAC,0.21,0.33,0.54,3851,2017-18,Regular Season
1626177,D. Johnson,OKC,-0.48,1.01,0.53,625,2017-18,Regular Season
1628475,M. Williams Jr.,MIA,0.19,0.33,0.52,45,2017-18,Regular Season
204179,O. Johnson,MEM,0.98,-0.47,0.51,304,2017-18,Regular Season
202681,K. Irving,BOS,1.54,-1.03,0.51,7908,2017-18,Regular Season
1628492,G. Clavell,DAL,0.07,0.43,0.5,262,2017-18,Regular Season
2754,T. Allen,NOP,0.05,0.45,0.5,1157,2017-18,Regular Season
201988,P. Mills,SAS,1.45,-0.96,0.49,8506,2017-18,Regular Season
1627852,N. Brussino,ATL,0.07,0.42,0.49,42,2017-18,Regular Season
203915,S. Dinwiddie,BKN,1.13,-0.66,0.47,9483,2017-18,Regular Season
203145,K. Bazemore,ATL,-0.15,0.61,0.46,7405,2017-18,Regular Season
2546,C. Anthony,OKC,1.29,-0.84,0.45,10348,2017-18,Regular Season
2863,D. Wilkins,IND,0.57,-0.14,0.43,610,2017-18,Regular Season
1626167,M. Turner,IND,0.22,0.21,0.43,7427,2017-18,Regular Season
203112,Q. Acy,BKN,0.68,-0.26,0.42,5643,2017-18,Regular Season
204037,T. Wear,LAL,0.18,0.24,0.42,943,2017-18,Regular Season
1891,J. Terry,MIL,0.36,0.05,0.41,3315,2017-18,Regular Season
203505,V. Blue,LAL,-0.07,0.47,0.4,186,2017-18,Regular Season
201588,G. Hill,CLE,1.46,-1.06,0.4,7259,2017-18,Regular Season
203481,J. Withey,DAL,0.13,0.27,0.4,163,2017-18,Regular Season
1627736,M. Beasley,DEN,0.37,0.02,0.39,2445,2017-18,Regular Season
1627856,M. Costello,SAS,0.44,-0.05,0.39,127,2017-18,Regular Season
202695,K. Leonard,SAS,-0.66,1.04,0.38,849,2017-18,Regular Season
203952,A. Wiggins,MIN,0.76,-0.39,0.37,12163,2017-18,Regular Season
203585,R. McGruder,MIA,0.98,-0.62,0.36,1203,2017-18,Regular Season
202324,D. Favors,UTA,0.14,0.22,0.36,8623,2017-18,Regular Season
1626195,W. Hernangomez,CHA,-0.09,0.45,0.36,2046,2017-18,Regular Season
1628393,J. Evans,LAC,-0.2,0.55,0.35,3307,2017-18,Regular Season
1628373,F. Ntilikina,NYK,-1.46,1.79,0.33,6961,2017-18,Regular Season
203115,W. Barton,DEN,0.61,-0.28,0.33,11035,2017-18,Regular Season
1626224,C. Osman,CLE,0.99,-0.66,0.33,2780,2017-18,Regular Season
1628502,N. Hayes,SAC,-0.43,0.76,0.33,476,2017-18,Regular Season
1938,M. Ginobili,SAS,1.02,-0.7,0.32,5313,2017-18,Regular Season
203924,J. Grant,OKC,0.08,0.23,0.31,6715,2017-18,Regular Season
1628469,A. Blakeney,CHI,0.59,-0.29,0.3,1302,2017-18,Regular Season
1627780,G. Payton II,LAL,0.45,-0.15,0.3,913,2017-18,Regular Season
203894,S. Napier,POR,-0.33,0.63,0.3,6201,2017-18,Regular Season
201596,M. Chalmers,MEM,-0.74,1.03,0.29,5849,2017-18,Regular Season
1628404,J. Hart,LAL,1.01,-0.72,0.29,6106,2017-18,Regular Season
1627814,D. Lee,ATL,-0.44,0.73,0.29,1719,2017-18,Regular Season
1713,V. Carter,SAC,-0.12,0.4,0.28,4104,2017-18,Regular Season
200826,J. Barea,DAL,1.28,-1.0,0.28,6458,2017-18,Regular Season
202344,T. Booker,IND,0.43,-0.16,0.27,4818,2017-18,Regular Season
1628463,T. Cavanaugh,ATL,0.45,-0.19,0.26,2160,2017-18,Regular Season
204020,T. Johnson,MIA,-0.13,0.38,0.25,8314,2017-18,Regular Season
203092,T. Zeller,MIL,-0.15,0.4,0.25,4601,2017-18,Regular Season
203922,G. Robinson III,IND,-0.23,0.48,0.25,1373,2017-18,Regular Season
1627735,W. Baldwin IV,POR,0.1,0.15,0.25,327,2017-18,Regular Season
1628451,J. Wiley,BKN,-0.28,0.53,0.25,139,2017-18,Regular Season
203493,R. Bullock Jr.,DET,0.16,0.07,0.23,7114,2017-18,Regular Season
2730,D. Howard,CHA,0.12,0.11,0.23,10271,2017-18,Regular Season
203186,W. Reed,DET,0.08,0.14,0.22,1816,2017-18,Regular Season
203966,J. Wilson,LAC,-0.36,0.58,0.22,1111,2017-18,Regular Season
1627779,M. Paige,CHA,0.31,-0.1,0.21,110,2017-18,Regular Season
203124,K. O'Quinn,NYK,0.69,-0.48,0.21,5650,2017-18,Regular Season
2772,T. Ariza,HOU,-0.08,0.28,0.2,9393,2017-18,Regular Season
1628414,S. Thornwell,LAC,-1.41,1.61,0.2,4838,2017-18,Regular Season
1627746,S. Labissiere,SAC,0.73,-0.53,0.2,5013,2017-18,Regular Season
2731,E. Okafor,NOP,-0.81,1.01,0.2,1540,2017-18,Regular Season
200752,R. Gay,SAS,-0.0,0.19,0.19,4965,2017-18,Regular Season
203705,J. Magette,ATL,0.13,0.06,0.19,881,2017-18,Regular Season
2561,D. West,GSW,-1.65,1.83,0.18,3999,2017-18,Regular Season
1627827,D. Finney-Smith,DAL,-0.7,0.87,0.17,1799,2017-18,Regular Season
202714,S. Mack,ORL,-0.22,0.39,0.17,5541,2017-18,Regular Season
1628421,D. Robinson,WAS,0.01,0.15,0.16,58,2017-18,Regular Season
203085,A. Rivers,LAC,1.4,-1.25,0.15,8399,2017-18,Regular Season
203468,C. McCollum,POR,0.39,-0.24,0.15,12001,2017-18,Regular Season
203459,A. Crabbe,BKN,0.44,-0.29,0.15,9221,2017-18,Regular Season
203998,B. Caboclo,SAC,-0.24,0.39,0.15,420,2017-18,Regular Season
1626210,A. Williams,PHX,-0.5,0.64,0.14,284,2017-18,Regular Season
101162,M. Gortat,WAS,-0.52,0.66,0.14,8442,2017-18,Regular Season
202705,M. Brooks,MEM,1.05,-0.91,0.14,791,2017-18,Regular Season
202720,J. Leuer,DET,-0.54,0.67,0.13,579,2017-18,Regular Season
203949,J. McAdoo,PHI,0.05,0.07,0.12,77,2017-18,Regular Season
1628035,A. McKinnie,TOR,1.19,-1.07,0.12,218,2017-18,Regular Season
203473,D. Dedmon,ATL,-0.58,0.69,0.11,6414,2017-18,Regular Season
1626169,S. Johnson,DET,-0.99,1.1,0.11,7709,2017-18,Regular Season
1628383,J. Patton,MIN,0.09,0.02,0.11,18,2017-18,Regular Season
1626148,A. Brown,MIN,0.09,0.02,0.11,18,2017-18,Regular Season
1626780,J. Gibson,BOS,0.35,-0.25,0.1,172,2017-18,Regular Season
1626154,R. Hunter,HOU,-0.05,0.15,0.1,181,2017-18,Regular Season
202779,D. Buycks,DET,-0.51,0.61,0.1,1704,2017-18,Regular Season
1626643,J. Pullen,PHI,-0.1,0.2,0.1,28,2017-18,Regular Season
1627875,M. Georges-Hunt,MIN,0.65,-0.56,0.09,924,2017-18,Regular Season
1628386,J. Allen,BKN,-0.34,0.43,0.09,5964,2017-18,Regular Season
201956,O. Casspi,GSW,-0.42,0.51,0.09,3128,2017-18,Regular Season
1627761,D. Bembry,ATL,-0.37,0.46,0.09,1892,2017-18,Regular Season
1628380,Z. Collins,POR,0.65,-0.57,0.08,4171,2017-18,Regular Season
1628415,D. Brooks,MEM,-0.83,0.91,0.08,9356,2017-18,Regular Season
2570,K. Perkins,CLE,0.18,-0.1,0.08,62,2017-18,Regular Season
1628513,N. Mitrou-Long,UTA,0.06,0.02,0.08,2,2017-18,Regular Season
1627850,M. Plumlee,MIL,-0.5,0.57,0.07,225,2017-18,Regular Season
201967,D. Cunningham,BKN,-0.59,0.65,0.06,6623,2017-18,Regular Season
1627745,D. Jones,GSW,-0.21,0.27,0.06,358,2017-18,Regular Season
202918,X. Silas,BOS,0.07,-0.01,0.06,31,2017-18,Regular Season
1626205,V. Hunter,MEM,-0.0,0.02,0.02,32,2017-18,Regular Season
202332,C. Aldrich,MIN,0.22,-0.21,0.01,198,2017-18,Regular Season
1626259,M. Miller,TOR,-0.13,0.13,0.0,515,2017-18,Regular Season
202330,G. Hayward,BOS,-0.05,0.05,0.0,22,2017-18,Regular Season
203590,T. McKinney-Jones,IND,0.03,-0.03,0.0,6,2017-18,Regular Season
1627785,I. Whitehead,BKN,-0.64,0.64,0.0,745,2017-18,Regular Season
204067,J. Eddie,CHI,0.02,-0.03,-0.01,34,2017-18,Regular Season
203082,T. Ross,ORL,-0.39,0.37,-0.02,2566,2017-18,Regular Season
201177,J. McRoberts,DAL,-0.02,-0.0,-0.02,24,2017-18,Regular Season
1627851,M. Kuzminskas,NYK,-0.13,0.1,-0.03,7,2017-18,Regular Season
1628408,P. Dozier,OKC,-0.02,-0.01,-0.03,12,2017-18,Regular Season
1628493,M. Mathiang,CHA,-0.13,0.1,-0.03,85,2017-18,Regular Season
203489,N. Wolters,UTA,0.09,-0.12,-0.03,67,2017-18,Regular Season
1628396,T. Bradley,UTA,-0.04,-0.0,-0.04,118,2017-18,Regular Season
202326,D. Cousins,NOP,-0.79,0.75,-0.04,7206,2017-18,Regular Season
1628425,S. Brown,MIL,-1.1,1.05,-0.05,3142,2017-18,Regular Season
203504,T. Burke,NYK,2.16,-2.21,-0.05,3225,2017-18,Regular Season
1627855,O. White,MIA,-0.18,0.13,-0.05,323,2017-18,Regular Season
1627866,J. Warney,DAL,0.06,-0.11,-0.05,104,2017-18,Regular Season
201149,J. Noah,NYK,-0.51,0.45,-0.06,171,2017-18,Regular Season
1626199,D. Hilliard,SAS,0.59,-0.65,-0.06,380,2017-18,Regular Season
201973,J. Jerebko,UTA,0.43,-0.5,-0.07,4531,2017-18,Regular Season
202331,P. George,OKC,0.22,-0.29,-0.07,11971,2017-18,Regular Season
1628449,C. Boucher,GSW,-0.07,-0.0,-0.07,4,2017-18,Regular Season
1628420,M. Morris,DEN,-0.05,-0.04,-0.09,108,2017-18,Regular Season
203687,R. Hearn,DET,-0.07,-0.02,-0.09,26,2017-18,Regular Season
1627820,T. Wallace,LAC,-0.44,0.34,-0.1,3645,2017-18,Regular Season
2617,U. Haslem,MIA,-0.45,0.34,-0.11,273,2017-18,Regular Season
202337,L. Babbitt,MIA,0.7,-0.81,-0.11,2942,2017-18,Regular Season
1627853,R. Arcidiacono,CHI,-0.78,0.65,-0.13,1264,2017-18,Regular Season
1627824,G. Yabusele,BOS,0.34,-0.48,-0.14,941,2017-18,Regular Season
202391,J. Lin,BKN,0.06,-0.2,-0.14,125,2017-18,Regular Season
1627777,G. Niang,UTA,-0.22,0.08,-0.14,134,2017-18,Regular Season
1628399,T. Lydon,DEN,-0.0,-0.15,-0.15,7,2017-18,Regular Season
203121,D. Miller,NOP,1.36,-1.51,-0.15,8246,2017-18,Regular Season
1627778,C. Onuaku,HOU,-0.25,0.1,-0.15,81,2017-18,Regular Season
202379,J. Evans,ATL,-0.03,-0.12,-0.15,24,2017-18,Regular Season
1626173,R. Vaughn,ORL,0.2,-0.36,-0.16,842,2017-18,Regular Season
203546,I. Clark,NOP,0.26,-0.42,-0.16,6126,2017-18,Regular Season
1626242,L. Montero,DET,-0.15,-0.01,-0.16,31,2017-18,Regular Season
202699,T. Harris,LAC,1.15,-1.31,-0.16,10954,2017-18,Regular Season
202682,D. Williams,LAL,-0.46,0.3,-0.16,41,2017-18,Regular Season
1626191,C. McCullough,WAS,0.15,-0.31,-0.16,384,2017-18,Regular Season
101106,A. Bogut,LAL,-1.19,1.01,-0.18,915,2017-18,Regular Season
1628495,M. Doyle,BKN,-0.51,0.33,-0.18,519,2017-18,Regular Season
1628410,E. Sumner,IND,-0.08,-0.11,-0.19,8,2017-18,Regular Season
203710,C. Williams,LAC,-0.39,0.2,-0.19,2932,2017-18,Regular Season
1628418,T. Bryant,LAL,-0.01,-0.18,-0.19,300,2017-18,Regular Season
1628571,E. McCree,UTA,-0.03,-0.17,-0.2,33,2017-18,Regular Season
2736,L. Deng,LAL,-0.14,-0.06,-0.2,60,2017-18,Regular Season
1628470,T. Craig,DEN,0.49,-0.71,-0.22,2594,2017-18,Regular Season
2746,J. Smith,NOP,-0.27,0.04,-0.23,51,2017-18,Regular Season
1628021,D. Nwaba,CHI,0.2,-0.44,-0.24,6837,2017-18,Regular Season
201571,D. Augustin,ORL,-1.28,1.04,-0.24,7313,2017-18,Regular Season
201229,A. Tolliver,DET,0.15,-0.39,-0.24,7129,2017-18,Regular Season
1627772,D. Hamilton,OKC,-0.25,-0.0,-0.25,106,2017-18,Regular Season
201580,J. McGee,GSW,0.2,-0.45,-0.25,2617,2017-18,Regular Season
202713,K. Singler,OKC,-0.36,0.11,-0.25,231,2017-18,Regular Season
1627763,M. Brogdon,MIL,0.09,-0.35,-0.26,5794,2017-18,Regular Season
1628443,K. Allen,BOS,-0.35,0.08,-0.27,431,2017-18,Regular Season
204022,J. Cooley,SAC,-0.52,0.25,-0.27,345,2017-18,Regular Season
203816,S. Hopson,DAL,-0.12,-0.15,-0.27,40,2017-18,Regular Season
1628464,D. Theis,BOS,-0.75,0.48,-0.27,3781,2017-18,Regular Season
203487,M. Carter-Williams,CHA,-0.53,0.25,-0.28,3372,2017-18,Regular Season
204065,D. Stockton,UTA,-0.05,-0.24,-0.29,38,2017-18,Regular Season
1627817,T. Quarterman,HOU,-0.4,0.11,-0.29,59,2017-18,Regular Season
1628935,A. Jackson,HOU,-0.28,-0.02,-0.3,133,2017-18,Regular Season
2555,N. Collison,OKC,-0.31,0.01,-0.3,304,2017-18,Regular Season
2744,A. Jefferson,IND,-0.25,-0.05,-0.3,1967,2017-18,Regular Season
101161,A. Johnson,PHI,-1.44,1.14,-0.3,4977,2017-18,Regular Season
203580,L. Drew II,NOP,0.03,-0.35,-0.32,271,2017-18,Regular Season
1626168,T. Lyles,DEN,0.43,-0.75,-0.32,5690,2017-18,Regular Season
203464,B. Paul,SAS,-1.11,0.78,-0.33,2366,2017-18,Regular Season
1628439,I. Hicks,NYK,-0.1,-0.24,-0.34,996,2017-18,Regular Season
1627884,D. Jones Jr.,MIA,-0.96,0.62,-0.34,987,2017-18,Regular Season
1627786,T. Williams,NYK,0.42,-0.77,-0.35,1289,2017-18,Regular Season
202709,C. Joseph,IND,-0.41,0.06,-0.35,8976,2017-18,Regular Season
1627858,K. Collinsworth,DAL,0.2,-0.56,-0.36,1934,2017-18,Regular Season
203925,J. Harris,BKN,0.13,-0.5,-0.37,8223,2017-18,Regular Season
1628405,J. Motley,DAL,-0.34,-0.04,-0.38,690,2017-18,Regular Season
1627215,W. Lemon Jr.,NOP,0.04,-0.42,-0.38,157,2017-18,Regular Season
203926,D. McDermott,DAL,-0.43,0.04,-0.39,7256,2017-18,Regular Season
203961,E. Moreland,DET,-1.56,1.17,-0.39,3197,2017-18,Regular Season
202348,J. Crawford,NOP,0.49,-0.89,-0.4,237,2017-18,Regular Season
1627988,M. Henry,MEM,0.38,-0.78,-0.4,1540,2017-18,Regular Season
201577,R. Lopez,CHI,-1.41,1.0,-0.41,6973,2017-18,Regular Season
203083,A. Drummond,DET,0.12,-0.53,-0.41,10707,2017-18,Regular Season
1628403,C. Swanigan,POR,-0.85,0.43,-0.42,761,2017-18,Regular Season
1628389,B. Adebayo,MIA,-1.57,1.14,-0.43,5463,2017-18,Regular Season
203118,M. Scott,WAS,0.31,-0.74,-0.43,5751,2017-18,Regular Season
1627744,B. Johnson,MEM,-0.32,-0.11,-0.43,426,2017-18,Regular Season
1627740,H. Ellenson,DET,-1.22,0.79,-0.43,1356,2017-18,Regular Season
101139,C. Miles,TOR,-1.13,0.69,-0.44,5522,2017-18,Regular Season
202711,B. Bogdanović,IND,-1.01,0.57,-0.44,10018,2017-18,Regular Season
1627823,J. Hernangomez,DEN,0.12,-0.57,-0.45,1120,2017-18,Regular Season
204098,X. Munford,MIL,-0.18,-0.27,-0.45,82,2017-18,Regular Season
1627762,J. Bolomboy,MIL,-0.62,0.16,-0.46,154,2017-18,Regular Season
1628387,I. Anigbogu,IND,0.12,-0.58,-0.46,121,2017-18,Regular Season
201563,M. Beasley,NYK,0.68,-1.14,-0.46,6804,2017-18,Regular Season
202325,W. Johnson,LAC,-1.29,0.82,-0.47,6277,2017-18,Regular Season
202685,J. Valančiūnas,TOR,-0.62,0.14,-0.48,7145,2017-18,Regular Season
1627770,K. Felder,DET,-0.55,0.05,-0.5,580,2017-18,Regular Season
201952,J. Teague,MIN,0.45,-0.95,-0.5,9479,2017-18,Regular Season
203488,M. Muscala,ATL,-0.14,-0.36,-0.5,4504,2017-18,Regular Season
1628503,J. Artis,ORL,-0.41,-0.09,-0.5,1125,2017-18,Regular Season
203518,A. Abrines,OKC,0.18,-0.71,-0.53,4618,2017-18,Regular Season
201600,O. Asik,CHI,-0.08,-0.46,-0.54,755,2017-18,Regular Season
203900,M. Brown,HOU,-0.19,-0.35,-0.54,122,2017-18,Regular Season
1717,D. Nowitzki,DAL,0.74,-1.28,-0.54,7664,2017-18,Regular Season
1628499,A. Cleveland,ATL,-1.01,0.46,-0.55,510,2017-18,Regular Season
1628422,D. Dotson,NYK,-1.54,0.99,-0.55,1954,2017-18,Regular Season
201163,W. Chandler,DEN,-0.35,-0.23,-0.58,9578,2017-18,Regular Season
1628500,B. Moore,IND,-0.14,-0.44,-0.58,44,2017-18,Regular Season
203104,M. Teague,MEM,-0.33,-0.26,-0.59,304,2017-18,Regular Season
1628506,L. Perrantes,CLE,0.14,-0.75,-0.61,256,2017-18,Regular Season
203933,T. Warren,PHX,0.23,-0.84,-0.61,9061,2017-18,Regular Season
201167,A. Afflalo,ORL,-0.37,-0.26,-0.63,2756,2017-18,Regular Season
203923,J. Young,PHI,-0.35,-0.28,-0.63,238,2017-18,Regular Season
201589,D. Arthur,DEN,-0.34,-0.3,-0.64,596,2017-18,Regular Season
1627789,T. Luwawu-Cabarrot,PHI,-0.94,0.3,-0.64,3418,2017-18,Regular Season
203917,N. Stauskas,BKN,-0.85,0.21,-0.64,2144,2017-18,Regular Season
203524,S. Hill,NOP,-0.71,0.06,-0.65,831,2017-18,Regular Season
1627816,A. Poythress,IND,0.09,-0.76,-0.67,415,2017-18,Regular Season
101123,G. Green,HOU,-1.11,0.44,-0.67,3834,2017-18,Regular Season
203940,A. Payne,ORL,-0.17,-0.52,-0.69,171,2017-18,Regular Season
202340,A. Bradley,LAC,-1.21,0.51,-0.7,5834,2017-18,Regular Season
1627834,G. Papagiannis,POR,0.31,-1.03,-0.72,500,2017-18,Regular Season
203903,J. Clarkson,CLE,-1.29,0.54,-0.75,7962,2017-18,Regular Season
1627737,M. Chriss,PHX,-0.78,0.02,-0.76,6481,2017-18,Regular Season
1628429,C. Cooke,NOP,0.25,-1.03,-0.78,154,2017-18,Regular Season
1628398,K. Kuzma,LAL,0.06,-0.85,-0.79,10189,2017-18,Regular Season
1627098,M. Delaney,ATL,-0.56,-0.25,-0.81,4179,2017-18,Regular Season
203486,M. Plumlee,DEN,-0.4,-0.44,-0.84,5949,2017-18,Regular Season
203521,M. Dellavedova,MIL,-0.06,-0.78,-0.84,2832,2017-18,Regular Season
201599,D. Jordan,LAC,-0.65,-0.21,-0.86,9998,2017-18,Regular Season
203109,J. Crowder,UTA,-0.69,-0.18,-0.87,8626,2017-18,Regular Season
202355,H. Whiteside,MIA,-1.64,0.77,-0.87,5578,2017-18,Regular Season
201583,R. Anderson,HOU,0.45,-1.33,-0.88,7133,2017-18,Regular Season
101109,R. Felton,OKC,-0.9,0.01,-0.89,5398,2017-18,Regular Season
1628537,J. Morris,ATL,-0.99,0.1,-0.89,435,2017-18,Regular Season
1627821,J. Webb III,BKN,-0.27,-0.62,-0.89,484,2017-18,Regular Season
203516,J. Ennis III,DET,-0.64,-0.25,-0.89,6445,2017-18,Regular Season
1628411,W. Iwundu,ORL,-1.46,0.56,-0.9,4130,2017-18,Regular Season
201156,N. Young,GSW,-0.18,-0.73,-0.91,5831,2017-18,Regular Season
1628382,J. Jackson,SAC,-0.98,0.06,-0.92,6099,2017-18,Regular Season
204025,T. Frazier,WAS,-0.31,-0.62,-0.93,3374,2017-18,Regular Season
203084,H. Barnes,DAL,-0.6,-0.34,-0.94,10630,2017-18,Regular Season
203141,M. Teletovic,MIL,-0.73,-0.21,-0.94,653,2017-18,Regular Season
203943,N. Vonleh,CHI,-1.46,0.5,-0.96,3580,2017-18,Regular Season
1627743,D. Jackson,PHI,-0.58,-0.38,-0.96,322,2017-18,Regular Season
202718,C. Parsons,MEM,0.84,-1.81,-0.97,2781,2017-18,Regular Season
202692,A. Burks,UTA,0.16,-1.13,-0.97,4256,2017-18,Regular Season
1628476,D. Walton Jr.,MIA,-0.43,-0.54,-0.97,578,2017-18,Regular Season
1627738,D. Davis,MEM,-0.06,-0.92,-0.98,3868,2017-18,Regular Season
2200,P. Gasol,SAS,-2.46,1.48,-0.98,7276,2017-18,Regular Season
201565,D. Rose,MIN,-0.2,-0.79,-0.99,1784,2017-18,Regular Season
1627782,W. Selden,MEM,-0.36,-0.64,-1.0,2863,2017-18,Regular Season
1626166,C. Payne,CHI,-0.23,-0.8,-1.03,2435,2017-18,Regular Season
204066,J. Holland,CLE,-0.24,-0.81,-1.05,727,2017-18,Regular Season
202066,G. Temple,SAC,-1.67,0.62,-1.05,6468,2017-18,Regular Season
201158,M. Belinelli,PHI,0.26,-1.32,-1.06,8134,2017-18,Regular Season
1627742,B. Ingram,LAL,-1.33,0.25,-1.08,8395,2017-18,Regular Season
201188,M. Gasol,MEM,-0.6,-0.49,-1.09,9540,2017-18,Regular Season
1626158,R. Holmes,PHI,-0.43,-0.66,-1.09,3170,2017-18,Regular Season
2210,R. Jefferson,DEN,-0.66,-0.43,-1.09,672,2017-18,Regular Season
1627774,J. Layman,POR,-0.61,-0.49,-1.1,643,2017-18,Regular Season
1626161,W. Cauley-Stein,SAC,-1.27,0.16,-1.11,8227,2017-18,Regular Season
1627790,A. Zizic,CLE,-0.04,-1.07,-1.11,892,2017-18,Regular Season
1628371,J. Isaac,ORL,-2.25,1.13,-1.12,2219,2017-18,Regular Season
202498,L. Thomas,NYK,-1.11,-0.02,-1.13,5487,2017-18,Regular Season
1626175,J. Mickey,MIA,-0.28,-0.89,-1.17,1110,2017-18,Regular Season
1628504,X. Rathan-Mayes,MEM,-0.69,-0.5,-1.19,488,2017-18,Regular Season
202702,K. Faried,DEN,-0.8,-0.4,-1.2,1875,2017-18,Regular Season
1628381,J. Collins,ATL,-2.0,0.79,-1.21,7406,2017-18,Regular Season
203458,A. Len,PHX,-0.63,-0.6,-1.23,5981,2017-18,Regular Season
1627755,T. Ulis,PHX,-0.74,-0.5,-1.24,6955,2017-18,Regular Season
1627883,J. Jones,DAL,1.06,-2.3,-1.24,729,2017-18,Regular Season
1627788,F. Korkmaz,PHI,-0.4,-0.86,-1.26,337,2017-18,Regular Season
201587,N. Batum,CHA,-0.03,-1.23,-1.26,8318,2017-18,Regular Season
1628391,D. Wilson,MIL,-0.61,-0.66,-1.27,277,2017-18,Regular Season
1626185,J. Martin,MEM,-1.02,-0.27,-1.29,6662,2017-18,Regular Season
203101,M. Plumlee,ATL,-1.66,0.33,-1.33,3803,2017-18,Regular Season
1626164,D. Booker,PHX,0.05,-1.39,-1.34,8059,2017-18,Regular Season
203503,T. Snell,MIL,0.4,-1.75,-1.35,8357,2017-18,Regular Season
1628681,R. Purvis,ORL,-1.01,-0.35,-1.36,1182,2017-18,Regular Season
201147,C. Brewer,OKC,-0.25,-1.12,-1.37,5179,2017-18,Regular Season
201572,B. Lopez,LAL,-0.15,-1.22,-1.37,7386,2017-18,Regular Season
2548,D. Wade,MIA,-1.43,0.04,-1.39,6409,2017-18,Regular Season
203918,R. Hood,CLE,0.34,-1.74,-1.4,6555,2017-18,Regular Season
1628436,L. Kornet,NYK,-0.65,-0.76,-1.41,1356,2017-18,Regular Season
2225,T. Parker,SAS,-0.84,-0.58,-1.42,4299,2017-18,Regular Season
201196,R. Sessions,WAS,-0.68,-0.76,-1.44,1602,2017-18,Regular Season
1626150,A. Harrison,MEM,-0.87,-0.58,-1.45,5194,2017-18,Regular Season
202693,M. Morris,WAS,-0.43,-1.02,-1.45,7959,2017-18,Regular Season
201166,A. Brooks,MIN,-0.24,-1.22,-1.46,761,2017-18,Regular Season
1627781,M. Richardson,TOR,-0.68,-0.79,-1.47,1303,2017-18,Regular Season
203948,J. O'Bryant III,CHA,-2.2,0.72,-1.48,1577,2017-18,Regular Season
203471,D. Schröder,ATL,-0.11,-1.38,-1.49,8622,2017-18,Regular Season
202694,M. Morris Sr.,BOS,-0.63,-0.88,-1.51,5928,2017-18,Regular Season
1626162,K. Oubre Jr.,WAS,-0.26,-1.28,-1.54,9196,2017-18,Regular Season
1626163,F. Kaminsky,CHA,0.74,-2.29,-1.55,7541,2017-18,Regular Season
202335,P. Patterson,OKC,-1.55,-0.06,-1.61,5068,2017-18,Regular Season
1627748,T. Maker,MIL,0.11,-1.74,-1.63,4970,2017-18,Regular Season
2747,J. Smith,CLE,0.7,-2.33,-1.63,9235,2017-18,Regular Season
1628397,I. Rabb,MEM,-0.44,-1.21,-1.65,2123,2017-18,Regular Season
2199,T. Chandler,PHX,-1.06,-0.6,-1.66,4801,2017-18,Regular Season
201628,B. Brown,HOU,-0.76,-0.91,-1.67,481,2017-18,Regular Season
1626203,T. Graham,CHA,-1.18,-0.5,-1.68,4310,2017-18,Regular Season
1627982,J. Gray,PHX,-1.11,-0.59,-1.7,380,2017-18,Regular Season
203090,M. Harkless,POR,-1.15,-0.56,-1.71,5188,2017-18,Regular Season
1627739,K. Dunn,CHI,-0.79,-0.94,-1.73,6383,2017-18,Regular Season
1626151,A. Harrison,DAL,-0.67,-1.06,-1.73,955,2017-18,Regular Season
203613,J. Simmons,ORL,0.28,-2.01,-1.73,8438,2017-18,Regular Season
1627756,D. Valentine,CHI,-1.5,-0.24,-1.74,8668,2017-18,Regular Season
202684,T. Thompson,CLE,-0.72,-1.04,-1.76,4461,2017-18,Regular Season
203079,D. Waiters,MIA,-1.91,0.15,-1.76,3710,2017-18,Regular Season
1626202,J. Young,IND,-1.15,-0.63,-1.78,2257,2017-18,Regular Season
203086,M. Leonard,POR,-0.33,-1.46,-1.79,1052,2017-18,Regular Season
1627753,Zhou,HOU,-1.45,-0.35,-1.8,519,2017-18,Regular Season
203530,J. Lauvergne,SAS,-0.97,-0.83,-1.8,2209,2017-18,Regular Season
202347,Q. Pondexter,CHI,-1.34,-0.48,-1.82,796,2017-18,Regular Season
203953,J. Parker,MIL,-0.45,-1.44,-1.89,3081,2017-18,Regular Season
1627752,T. Prince,ATL,-0.24,-1.65,-1.89,10300,2017-18,Regular Season
1626147,J. Anderson,PHI,-1.3,-0.6,-1.9,2167,2017-18,Regular Season
1626188,Q. Cook,GSW,-0.74,-1.17,-1.91,3037,2017-18,Regular Season
202362,L. Stephenson,IND,0.33,-2.24,-1.91,7498,2017-18,Regular Season
1628510,A. White III,ATL,-1.3,-0.61,-1.91,888,2017-18,Regular Season
1626209,M. Hezonja,ORL,-0.21,-1.73,-1.94,6792,2017-18,Regular Season
202389,T. Mozgov,BKN,-2.35,0.34,-2.01,1553,2017-18,Regular Season
203457,N. Noel,DAL,-2.15,0.13,-2.02,1922,2017-18,Regular Season
201584,C. Lee,NYK,-0.72,-1.32,-2.04,9477,2017-18,Regular Season
1628388,T. Leaf,IND,-0.48,-1.57,-2.05,1894,2017-18,Regular Season
1628432,D. Reed,PHX,-1.99,-0.1,-2.09,1033,2017-18,Regular Season
1628374,L. Markkanen,CHI,-0.84,-1.25,-2.09,8352,2017-18,Regular Season
201585,K. Koufos,SAC,-2.14,0.05,-2.09,5524,2017-18,Regular Season
201975,J. Meeks,WAS,-0.91,-1.18,-2.09,4599,2017-18,Regular Season
201943,B. Jennings,MIL,-1.31,-0.79,-2.1,864,2017-18,Regular Season
1627747,C. LeVert,BKN,-1.42,-0.69,-2.11,7864,2017-18,Regular Season
1628416,T. Dorsey,ATL,-0.67,-1.45,-2.12,4060,2017-18,Regular Season
203992,B. Bogdanović,SAC,-0.4,-1.74,-2.14,8756,2017-18,Regular Season
203210,J. Green,MEM,-0.74,-1.41,-2.15,6082,2017-18,Regular Season
200765,R. Rondo,NOP,0.6,-2.78,-2.18,7341,2017-18,Regular Season
202738,I. Thomas,LAL,-0.09,-2.11,-2.2,3712,2017-18,Regular Season
1627775,P. McCaw,GSW,-0.92,-1.3,-2.22,4013,2017-18,Regular Season
1628372,D. Smith Jr.,DAL,-1.13,-1.13,-2.26,8345,2017-18,Regular Season
1626156,D. Russell,BKN,-0.08,-2.19,-2.27,5289,2017-18,Regular Season
201160,J. Smith,WAS,-1.23,-1.04,-2.27,1187,2017-18,Regular Season
1627733,D. Bender,PHX,-2.11,-0.22,-2.33,8802,2017-18,Regular Season
203897,Z. LaVine,CHI,-0.39,-1.97,-2.36,2723,2017-18,Regular Season
203930,S. Kilpatrick,CHI,-1.04,-1.36,-2.4,2652,2017-18,Regular Season
204456,T. McConnell,PHI,-1.83,-0.6,-2.43,7226,2017-18,Regular Season
1628400,S. Ojeleye,BOS,-2.06,-0.44,-2.5,4633,2017-18,Regular Season
203498,S. Muhammad,MIL,-0.74,-1.79,-2.53,1719,2017-18,Regular Season
1627835,P. Zipser,CHI,-1.95,-0.59,-2.54,3314,2017-18,Regular Season
1627846,A. Nader,BOS,-0.87,-1.68,-2.55,2137,2017-18,Regular Season
202323,E. Turner,POR,-2.46,-0.22,-2.68,8353,2017-18,Regular Season
1626181,N. Powell,TOR,-1.81,-0.88,-2.69,4365,2017-18,Regular Season
2749,J. Nelson,DET,-0.57,-2.16,-2.73,4184,2017-18,Regular Season
201573,J. Bayless,PHI,-1.63,-1.13,-2.76,3938,2017-18,Regular Season
202328,G. Monroe,BOS,-0.97,-1.81,-2.78,4292,2017-18,Regular Season
1628367,J. Jackson,PHX,-2.3,-0.5,-2.8,8385,2017-18,Regular Season
1628368,D. Fox,SAC,-1.34,-1.54,-2.88,8288,2017-18,Regular Season
204028,T. Black,HOU,-2.62,-0.28,-2.9,2237,2017-18,Regular Season
1627767,C. Diallo,NOP,0.55,-3.48,-2.93,2446,2017-18,Regular Season
1626170,J. Grant,CHI,-1.44,-1.5,-2.94,6879,2017-18,Regular Season
1628390,T. Ferguson,OKC,-0.9,-2.04,-2.94,3063,2017-18,Regular Season
1627362,B. Weber,MEM,-0.78,-2.16,-2.94,987,2017-18,Regular Season
203476,G. Dieng,MIN,-1.55,-1.44,-2.99,5469,2017-18,Regular Season
203901,E. Payton,PHX,-0.27,-2.84,-3.11,7668,2017-18,Regular Season
202683,E. Freedom,NYK,-0.98,-2.17,-3.15,9200,2017-18,Regular Season
2216,Z. Randolph,SAC,-0.76,-2.54,-3.3,6044,2017-18,Regular Season
202083,W. Matthews,DAL,-0.6,-2.73,-3.33,8582,2017-18,Regular Season
202732,D. Liggins,NOP,-2.33,-1.09,-3.42,2933,2017-18,Regular Season
2207,J. Johnson,HOU,-2.77,-0.66,-3.43,4881,2017-18,Regular Season
203584,T. Daniels,PHX,-0.63,-2.82,-3.45,6826,2017-18,Regular Season
1626143,J. Okafor,BKN,-2.06,-1.43,-3.49,1415,2017-18,Regular Season
1628424,K. Simmons,MEM,-0.48,-3.07,-3.55,2602,2017-18,Regular Season
203463,B. McLemore,MEM,-2.64,-1.01,-3.65,4440,2017-18,Regular Season
2037,J. Crawford,MIN,-0.51,-3.45,-3.96,6727,2017-18,Regular Season
1626144,E. Mudiay,NYK,-1.84,-2.47,-4.31,5219,2017-18,Regular Season
1628370,M. Monk,CHA,-2.08,-2.51,-4.59,3605,2017-18,Regular Season
202687,B. Biyombo,ORL,-3.63,-1.24,-4.87,6101,2017-18,Regular Season
1626245,C. Felicio,CHI,-3.92,-1.52,-5.44,3999,2017-18,Regular Season
