PLAYER_ID,PLAYER_NAME,TEAM_ABBREVIATION,O_SPM,D_SPM,SPM,SEASON,O_SPM_LOSO,D_SPM_LOSO,SPM_LOSO,POSS_BASE,SEASON_TYPE
2617,Udonis Haslem,MIA,9.36,3.94,13.3,2020-21,9.2,3.92,13.12,6,Regular Season
1627780,Gary Payton II,GSW,2.94,3.41,6.35,2020-21,2.9,3.46,6.36,92,Regular Season
203999,Nikola Jokić,DEN,3.02,0.71,3.73,2020-21,3.0,0.75,3.75,5096,Regular Season
1630203,Grant Riller,CHA,3.7,-0.25,3.45,2020-21,3.66,-0.22,3.44,52,Regular Season
202710,Jimmy Butler III,MIA,2.43,0.92,3.35,2020-21,2.43,0.98,3.41,3556,Regular Season
203507,Giannis Antetokounmpo,MIL,2.16,0.98,3.14,2020-21,2.13,1.0,3.13,4354,Regular Season
201939,Stephen Curry,GSW,3.38,-0.36,3.02,2020-21,3.33,-0.33,3.0,4742,Regular Season
1629653,Devon Dotson,CHI,1.47,1.48,2.95,2020-21,1.51,1.56,3.07,103,Regular Season
202695,Kawhi Leonard,LAC,2.33,0.56,2.89,2020-21,2.32,0.6,2.92,3612,Regular Season
203954,Joel Embiid,PHI,2.14,0.57,2.71,2020-21,2.11,0.6,2.71,3326,Regular Season
203081,Damian Lillard,POR,2.81,-0.22,2.59,2020-21,2.79,-0.2,2.59,5064,Regular Season
201935,James Harden,BKN,2.4,0.16,2.56,2020-21,2.37,0.19,2.56,3342,Regular Season
201142,Kevin Durant,BKN,2.21,0.31,2.52,2020-21,2.14,0.31,2.45,2490,Regular Season
101108,Chris Paul,PHX,1.85,0.48,2.33,2020-21,1.84,0.52,2.36,4492,Regular Season
203473,Dewayne Dedmon,MIA,1.69,0.64,2.33,2020-21,1.69,0.67,2.36,421,Regular Season
1629663,Louis King,SAC,0.81,1.46,2.27,2020-21,0.79,1.52,2.31,182,Regular Season
202681,Kyrie Irving,BKN,2.18,0.01,2.19,2020-21,2.17,0.06,2.23,4000,Regular Season
1629057,Robert Williams III,BOS,0.74,1.37,2.11,2020-21,0.69,1.41,2.1,2030,Regular Season
203121,Darius Miller,OKC,1.04,1.03,2.07,2020-21,1.0,1.04,2.04,418,Regular Season
1629017,Khyri Thomas,HOU,1.33,0.64,1.97,2020-21,1.32,0.71,2.03,338,Regular Season
1628449,Chris Boucher,TOR,1.05,0.92,1.97,2020-21,1.03,0.96,1.99,3033,Regular Season
2544,LeBron James,LAL,1.58,0.16,1.74,2020-21,1.54,0.16,1.7,3142,Regular Season
201144,Mike Conley,UTA,1.57,0.16,1.73,2020-21,1.56,0.19,1.75,3124,Regular Season
203497,Rudy Gobert,UTA,0.04,1.68,1.72,2020-21,-0.01,1.66,1.65,4572,Regular Season
1628389,Bam Adebayo,MIA,0.93,0.72,1.65,2020-21,0.91,0.73,1.64,4342,Regular Season
203476,Gorgui Dieng,SAS,1.0,0.56,1.56,2020-21,0.98,0.57,1.55,1166,Regular Season
203992,Bogdan Bogdanović,ATL,1.39,0.12,1.51,2020-21,1.39,0.13,1.52,2699,Regular Season
1629627,Zion Williamson,NOP,2.1,-0.62,1.48,2020-21,2.1,-0.57,1.53,4321,Regular Season
1629029,Luka Dončić,DAL,1.62,-0.21,1.41,2020-21,1.6,-0.21,1.39,4684,Regular Season
1629008,Michael Porter Jr.,DEN,1.34,0.05,1.39,2020-21,1.32,0.05,1.37,3913,Regular Season
1628983,Shai Gilgeous-Alexander,OKC,1.53,-0.17,1.36,2020-21,1.5,-0.17,1.33,2467,Regular Season
203937,Kyle Anderson,MEM,0.56,0.77,1.33,2020-21,0.55,0.79,1.34,4010,Regular Season
1626166,Cameron Payne,PHX,1.13,0.19,1.32,2020-21,1.12,0.21,1.33,2211,Regular Season
1626153,Delon Wright,SAC,0.41,0.9,1.31,2020-21,0.39,0.93,1.32,3598,Regular Season
1629743,Donta Hall,ORL,0.72,0.56,1.28,2020-21,0.71,0.56,1.27,376,Regular Season
1626157,Karl-Anthony Towns,MIN,1.21,0.07,1.28,2020-21,1.2,0.07,1.27,3605,Regular Season
204456,T.J. McConnell,IND,0.45,0.82,1.27,2020-21,0.42,0.85,1.27,3892,Regular Season
201942,DeMar DeRozan,SAS,1.53,-0.28,1.25,2020-21,1.56,-0.24,1.32,4305,Regular Season
201950,Jrue Holiday,MIL,1.06,0.15,1.21,2020-21,1.04,0.18,1.22,4134,Regular Season
1626149,Montrezl Harrell,LAL,1.01,0.18,1.19,2020-21,1.01,0.2,1.21,3284,Regular Season
1629052,Oshae Brissett,IND,0.54,0.64,1.18,2020-21,0.53,0.64,1.17,1166,Regular Season
1628993,Alize Johnson,BKN,0.7,0.48,1.18,2020-21,0.72,0.48,1.2,396,Regular Season
203087,Jeremy Lamb,IND,0.43,0.75,1.18,2020-21,0.43,0.76,1.19,1634,Regular Season
1627832,Fred VanVleet,TOR,0.74,0.43,1.17,2020-21,0.75,0.46,1.21,3946,Regular Season
201568,Danilo Gallinari,ATL,1.11,0.05,1.16,2020-21,1.13,0.05,1.18,2476,Regular Season
203468,CJ McCollum,POR,1.45,-0.32,1.13,2020-21,1.48,-0.29,1.19,3351,Regular Season
1629655,Daniel Gafford,WAS,0.11,0.99,1.1,2020-21,0.06,1.02,1.08,1714,Regular Season
1628969,Mikal Bridges,PHX,0.78,0.32,1.1,2020-21,0.76,0.32,1.08,4804,Regular Season
1629605,Tacko Fall,BOS,-0.83,1.89,1.06,2020-21,-0.89,1.91,1.02,284,Regular Season
202685,Jonas Valančiūnas,MEM,0.92,0.12,1.04,2020-21,0.94,0.13,1.07,3716,Regular Season
204001,Kristaps Porziņģis,DAL,0.52,0.49,1.01,2020-21,0.54,0.5,1.04,2726,Regular Season
202696,Nikola Vučević,CHI,0.65,0.35,1.0,2020-21,0.68,0.35,1.03,4852,Regular Season
204060,Joe Ingles,UTA,1.2,-0.2,1.0,2020-21,1.17,-0.23,0.94,3909,Regular Season
1630219,Skylar Mays,ATL,0.7,0.3,1.0,2020-21,0.71,0.33,1.04,541,Regular Season
1629680,Matisse Thybulle,PHI,-0.82,1.82,1.0,2020-21,-0.87,1.87,1.0,2730,Regular Season
1629723,John Konchar,MEM,0.28,0.7,0.98,2020-21,0.27,0.7,0.97,1196,Regular Season
1628381,John Collins,ATL,0.88,0.1,0.98,2020-21,0.88,0.11,0.99,3834,Regular Season
1630267,Facundo Campazzo,DEN,0.18,0.8,0.98,2020-21,0.16,0.81,0.97,2924,Regular Season
202331,Paul George,LAC,0.96,-0.01,0.95,2020-21,0.93,-0.02,0.91,3700,Regular Season
1629651,Nic Claxton,BKN,-0.41,1.35,0.94,2020-21,-0.43,1.37,0.94,1240,Regular Season
1626145,Tyus Jones,MEM,0.45,0.49,0.94,2020-21,0.46,0.53,0.99,2556,Regular Season
1629027,Trae Young,ATL,1.71,-0.77,0.94,2020-21,1.69,-0.76,0.93,4436,Regular Season
203897,Zach LaVine,CHI,1.59,-0.66,0.93,2020-21,1.55,-0.66,0.89,4314,Regular Season
201937,Ricky Rubio,MIN,0.46,0.46,0.92,2020-21,0.46,0.49,0.95,3824,Regular Season
200768,Kyle Lowry,TOR,0.87,0.05,0.92,2020-21,0.86,0.04,0.9,3390,Regular Season
1627748,Thon Maker,CLE,0.3,0.61,0.91,2020-21,0.29,0.63,0.92,151,Regular Season
203991,Clint Capela,ATL,0.14,0.75,0.89,2020-21,0.15,0.78,0.93,3912,Regular Season
1628368,De'Aaron Fox,SAC,1.09,-0.21,0.88,2020-21,1.1,-0.18,0.92,4325,Regular Season
1629001,De'Anthony Melton,MEM,0.05,0.8,0.85,2020-21,0.02,0.81,0.83,2234,Regular Season
202689,Kemba Walker,OKC,0.73,0.12,0.85,2020-21,0.74,0.12,0.86,2834,Regular Season
203482,Kelly Olynyk,HOU,0.33,0.52,0.85,2020-21,0.32,0.51,0.83,4198,Regular Season
1627734,Domantas Sabonis,IND,0.59,0.26,0.85,2020-21,0.59,0.25,0.84,4772,Regular Season
1626158,Richaun Holmes,SAC,0.43,0.41,0.84,2020-21,0.42,0.42,0.84,3736,Regular Season
203076,Anthony Davis,LAL,-0.02,0.84,0.82,2020-21,-0.02,0.86,0.84,2416,Regular Season
1627812,Yogi Ferrell,LAC,-0.16,0.98,0.82,2020-21,-0.12,1.03,0.91,282,Regular Season
203110,Draymond Green,GSW,-0.18,0.99,0.81,2020-21,-0.23,1.0,0.77,4309,Regular Season
1627750,Jamal Murray,DEN,0.93,-0.12,0.81,2020-21,0.92,-0.11,0.81,3444,Regular Season
203939,Dwight Powell,DAL,0.17,0.63,0.8,2020-21,0.18,0.62,0.8,1984,Regular Season
201143,Al Horford,BOS,0.13,0.66,0.79,2020-21,0.15,0.67,0.82,1626,Regular Season
1628369,Jayson Tatum,BOS,0.78,0.01,0.79,2020-21,0.78,0.01,0.79,4758,Regular Season
1626171,Bobby Portis,MIL,0.47,0.32,0.79,2020-21,0.49,0.33,0.82,2964,Regular Season
1626167,Myles Turner,IND,-0.74,1.51,0.77,2020-21,-0.81,1.52,0.71,3050,Regular Season
203585,Rodney McGruder,DET,0.8,-0.03,0.77,2020-21,0.8,-0.01,0.79,392,Regular Season
1626179,Terry Rozier,CHA,0.84,-0.08,0.76,2020-21,0.84,-0.07,0.77,4954,Regular Season
1630169,Tyrese Haliburton,SAC,0.74,0.02,0.76,2020-21,0.72,0.04,0.76,3713,Regular Season
1627732,Ben Simmons,PHI,0.19,0.56,0.75,2020-21,0.16,0.57,0.73,3974,Regular Season
1628991,Jaren Jackson Jr.,MEM,-0.23,0.98,0.75,2020-21,-0.23,1.02,0.79,546,Regular Season
1628973,Jalen Brunson,DAL,0.92,-0.18,0.74,2020-21,0.93,-0.19,0.74,3474,Regular Season
1629606,Robert Franks,ORL,0.73,0.01,0.74,2020-21,0.74,0.03,0.77,210,Regular Season
1626174,Christian Wood,HOU,0.21,0.52,0.73,2020-21,0.2,0.51,0.71,2836,Regular Season
203095,Evan Fournier,BOS,0.79,-0.07,0.72,2020-21,0.78,-0.06,0.72,2670,Regular Season
1628366,Lonzo Ball,NOP,0.44,0.27,0.71,2020-21,0.42,0.28,0.7,3686,Regular Season
1628984,Devonte' Graham,CHA,1.05,-0.35,0.7,2020-21,1.06,-0.34,0.72,3388,Regular Season
1629020,Jarred Vanderbilt,MIN,-0.4,1.1,0.7,2020-21,-0.41,1.11,0.7,2470,Regular Season
202699,Tobias Harris,PHI,0.68,0.01,0.69,2020-21,0.68,0.02,0.7,4212,Regular Season
202324,Derrick Favors,UTA,-0.04,0.72,0.68,2020-21,-0.04,0.74,0.7,2154,Regular Season
200794,Paul Millsap,DEN,0.1,0.56,0.66,2020-21,0.11,0.58,0.69,2351,Regular Season
1629634,Brandon Clarke,MEM,-0.11,0.73,0.62,2020-21,-0.11,0.75,0.64,3005,Regular Season
1626245,Cristiano Felicio,CHI,0.52,0.1,0.62,2020-21,0.56,0.13,0.69,168,Regular Season
1627814,Damion Lee,GSW,0.21,0.4,0.61,2020-21,0.21,0.37,0.58,2299,Regular Season
1629622,Max Strus,MIA,0.85,-0.24,0.61,2020-21,0.87,-0.24,0.63,1022,Regular Season
1628975,Jevon Carter,PHX,0.17,0.44,0.61,2020-21,0.17,0.45,0.62,1476,Regular Season
201587,Nicolas Batum,LAC,0.01,0.58,0.59,2020-21,-0.0,0.56,0.56,3760,Regular Season
203486,Mason Plumlee,DET,0.17,0.42,0.59,2020-21,0.16,0.42,0.58,3069,Regular Season
1628386,Jarrett Allen,CLE,0.07,0.51,0.58,2020-21,0.05,0.49,0.54,3838,Regular Season
1626181,Norman Powell,POR,0.68,-0.12,0.56,2020-21,0.67,-0.12,0.55,4660,Regular Season
101141,Ersan Ilyasova,UTA,-0.37,0.93,0.56,2020-21,-0.38,0.95,0.57,298,Regular Season
203078,Bradley Beal,WAS,1.31,-0.75,0.56,2020-21,1.32,-0.72,0.6,4732,Regular Season
203994,Jusuf Nurkić,POR,-0.45,0.99,0.54,2020-21,-0.45,1.0,0.55,1874,Regular Season
1628384,OG Anunoby,TOR,0.3,0.23,0.53,2020-21,0.29,0.23,0.52,2980,Regular Season
1628418,Thomas Bryant,WAS,0.82,-0.29,0.53,2020-21,0.82,-0.3,0.52,610,Regular Season
1629714,Jarrell Brantley,UTA,0.48,0.05,0.53,2020-21,0.47,0.09,0.56,292,Regular Season
203526,Raul Neto,WAS,0.02,0.49,0.51,2020-21,0.03,0.49,0.52,3090,Regular Season
1628419,Cameron Oliver,HOU,0.35,0.15,0.5,2020-21,0.35,0.16,0.51,188,Regular Season
1626253,Axel Toupane,MIL,-0.57,1.07,0.5,2020-21,-0.57,1.12,0.55,131,Regular Season
1628372,Dennis Smith Jr.,DET,-0.38,0.87,0.49,2020-21,-0.39,0.9,0.51,848,Regular Season
1629162,Jordan McLaughlin,MIN,-0.04,0.53,0.49,2020-21,-0.06,0.56,0.5,2020,Regular Season
202330,Gordon Hayward,CHA,0.49,-0.01,0.48,2020-21,0.49,-0.01,0.48,3140,Regular Season
1628378,Donovan Mitchell,UTA,1.14,-0.66,0.48,2020-21,1.16,-0.64,0.52,3690,Regular Season
1627742,Brandon Ingram,NOP,0.9,-0.42,0.48,2020-21,0.91,-0.42,0.49,4367,Regular Season
1628470,Torrey Craig,PHX,-0.08,0.55,0.47,2020-21,-0.08,0.56,0.48,1631,Regular Season
1630264,Anthony Gill,WAS,-0.06,0.52,0.46,2020-21,-0.05,0.53,0.48,461,Regular Season
201152,Thaddeus Young,CHI,0.36,0.1,0.46,2020-21,0.35,0.14,0.49,3418,Regular Season
1630163,LaMelo Ball,CHA,0.12,0.33,0.45,2020-21,0.11,0.35,0.46,3139,Regular Season
1628383,Justin Patton,HOU,-0.77,1.21,0.44,2020-21,-0.76,1.26,0.5,524,Regular Season
203496,Robert Covington,POR,-0.64,1.08,0.44,2020-21,-0.66,1.07,0.41,4684,Regular Season
1627759,Jaylen Brown,BOS,0.58,-0.14,0.44,2020-21,0.58,-0.13,0.45,4196,Regular Season
203925,Joe Harris,BKN,0.81,-0.37,0.44,2020-21,0.81,-0.39,0.42,4528,Regular Season
1629675,Naz Reid,MIN,0.13,0.3,0.43,2020-21,0.13,0.32,0.45,2925,Regular Season
203935,Marcus Smart,BOS,0.25,0.17,0.42,2020-21,0.24,0.19,0.43,3340,Regular Season
1628374,Lauri Markkanen,CHI,0.43,-0.02,0.41,2020-21,0.43,-0.06,0.37,2756,Regular Season
202334,Ed Davis,MIN,-0.42,0.83,0.41,2020-21,-0.4,0.9,0.5,627,Regular Season
1626204,Larry Nance Jr.,CLE,-0.44,0.84,0.4,2020-21,-0.46,0.84,0.38,2210,Regular Season
1628396,Tony Bradley,OKC,0.27,0.13,0.4,2020-21,0.26,0.13,0.39,1438,Regular Season
201976,Patrick Beverley,LAC,-0.06,0.45,0.39,2020-21,-0.07,0.47,0.4,1686,Regular Season
1630240,Saben Lee,DET,0.06,0.33,0.39,2020-21,0.05,0.36,0.41,1598,Regular Season
1628401,Derrick White,SAS,0.23,0.14,0.37,2020-21,0.24,0.15,0.39,2196,Regular Season
1629673,Jordan Poole,GSW,0.85,-0.49,0.36,2020-21,0.86,-0.48,0.38,2086,Regular Season
203109,Jae Crowder,PHX,0.03,0.32,0.35,2020-21,0.02,0.3,0.32,3418,Regular Season
203114,Khris Middleton,MIL,0.72,-0.38,0.34,2020-21,0.73,-0.38,0.35,4896,Regular Season
201980,Danny Green,PHI,-0.14,0.48,0.34,2020-21,-0.17,0.48,0.31,4074,Regular Season
1629028,Deandre Ayton,PHX,0.16,0.17,0.33,2020-21,0.16,0.16,0.32,4298,Regular Season
1628971,Bruce Brown,BKN,0.17,0.15,0.32,2020-21,0.19,0.17,0.36,3007,Regular Season
1628964,Mo Bamba,ORL,-0.34,0.66,0.32,2020-21,-0.35,0.68,0.33,1526,Regular Season
1627763,Malcolm Brogdon,IND,0.8,-0.49,0.31,2020-21,0.82,-0.47,0.35,4090,Regular Season
203501,Tim Hardaway Jr.,DAL,0.83,-0.52,0.31,2020-21,0.85,-0.53,0.32,4072,Regular Season
1626178,Rondae Hollis-Jefferson,POR,0.3,0.01,0.31,2020-21,0.34,0.07,0.41,223,Regular Season
1629637,Jaxson Hayes,NOP,0.29,0.01,0.3,2020-21,0.29,0.01,0.3,2068,Regular Season
1627853,Ryan Arcidiacono,CHI,0.02,0.27,0.29,2020-21,0.06,0.26,0.32,904,Regular Season
201959,Taj Gibson,NYK,-0.37,0.65,0.28,2020-21,-0.38,0.65,0.27,1889,Regular Season
1629011,Mitchell Robinson,NYK,-0.35,0.62,0.27,2020-21,-0.36,0.64,0.28,1710,Regular Season
1626156,D'Angelo Russell,MIN,0.6,-0.33,0.27,2020-21,0.59,-0.32,0.27,2600,Regular Season
1629631,De'Andre Hunter,ATL,0.24,0.03,0.27,2020-21,0.25,0.03,0.28,1434,Regular Season
203457,Nerlens Noel,NYK,-1.38,1.65,0.27,2020-21,-1.43,1.65,0.22,3120,Regular Season
1626195,Willy Hernangomez,NOP,0.15,0.12,0.27,2020-21,0.18,0.13,0.31,1804,Regular Season
1629670,Jordan Nwora,MIL,-0.45,0.71,0.26,2020-21,-0.5,0.7,0.2,593,Regular Season
203084,Harrison Barnes,SAC,0.47,-0.22,0.25,2020-21,0.47,-0.24,0.23,4429,Regular Season
1628960,Grayson Allen,MEM,0.28,-0.03,0.25,2020-21,0.27,-0.04,0.23,2676,Regular Season
203488,Mike Muscala,OKC,0.49,-0.25,0.24,2020-21,0.5,-0.28,0.22,1378,Regular Season
201933,Blake Griffin,BKN,-0.11,0.35,0.24,2020-21,-0.1,0.33,0.23,2420,Regular Season
1628420,Monte Morris,DEN,0.41,-0.17,0.24,2020-21,0.42,-0.16,0.26,2459,Regular Season
1630168,Onyeka Okongwu,ATL,-0.33,0.56,0.23,2020-21,-0.35,0.58,0.23,1249,Regular Season
1626163,Frank Kaminsky,PHX,0.08,0.15,0.23,2020-21,0.12,0.16,0.28,1470,Regular Season
201588,George Hill,PHI,0.13,0.08,0.21,2020-21,0.12,0.07,0.19,1368,Regular Season
2772,Trevor Ariza,MIA,-0.27,0.48,0.21,2020-21,-0.27,0.48,0.21,1723,Regular Season
1630241,Sam Merrill,MIL,0.36,-0.15,0.21,2020-21,0.36,-0.16,0.2,496,Regular Season
1628966,Keita Bates-Diop,SAS,-0.76,0.95,0.19,2020-21,-0.76,0.96,0.2,514,Regular Season
201565,Derrick Rose,NYK,0.32,-0.13,0.19,2020-21,0.32,-0.1,0.22,2622,Regular Season
1627936,Alex Caruso,LAL,-0.52,0.7,0.18,2020-21,-0.55,0.69,0.14,2524,Regular Season
203944,Julius Randle,NYK,0.3,-0.12,0.18,2020-21,0.31,-0.14,0.17,5427,Regular Season
1627749,Dejounte Murray,SAS,-0.23,0.41,0.18,2020-21,-0.19,0.42,0.23,4459,Regular Season
202692,Alec Burks,NYK,0.22,-0.04,0.18,2020-21,0.24,-0.05,0.19,2540,Regular Season
1629719,Devontae Cacok,LAL,-1.01,1.19,0.18,2020-21,-1.04,1.19,0.15,212,Regular Season
1629308,Juan Toscano-Anderson,GSW,-0.39,0.57,0.18,2020-21,-0.41,0.52,0.11,2398,Regular Season
1627788,Furkan Korkmaz,PHI,0.02,0.14,0.16,2020-21,0.02,0.15,0.17,2236,Regular Season
202326,DeMarcus Cousins,LAC,-0.77,0.92,0.15,2020-21,-0.78,0.9,0.12,1511,Regular Season
1628021,David Nwaba,HOU,-0.32,0.47,0.15,2020-21,-0.31,0.49,0.18,1462,Regular Season
1629682,Tremont Waters,BOS,0.24,-0.09,0.15,2020-21,0.2,-0.07,0.13,504,Regular Season
201572,Brook Lopez,MIL,-0.11,0.26,0.15,2020-21,-0.13,0.26,0.13,4112,Regular Season
1630223,Jalen Harris,TOR,0.55,-0.41,0.14,2020-21,0.51,-0.42,0.09,364,Regular Season
1629130,Duncan Robinson,MIA,0.37,-0.23,0.14,2020-21,0.36,-0.27,0.09,4582,Regular Season
1629139,Yuta Watanabe,TOR,-0.45,0.59,0.14,2020-21,-0.45,0.58,0.13,1518,Regular Season
202704,Reggie Jackson,LAC,0.52,-0.38,0.14,2020-21,0.54,-0.38,0.16,3168,Regular Season
1629234,Drew Eubanks,SAS,-0.5,0.63,0.13,2020-21,-0.52,0.63,0.11,1592,Regular Season
1629730,Rayjon Tucker,PHI,0.37,-0.24,0.13,2020-21,0.39,-0.27,0.12,146,Regular Season
201188,Marc Gasol,LAL,-0.63,0.76,0.13,2020-21,-0.66,0.74,0.08,2068,Regular Season
1629731,Dean Wade,CLE,-0.12,0.24,0.12,2020-21,-0.13,0.22,0.09,2476,Regular Season
1630466,Gabriel Deck,OKC,0.41,-0.29,0.12,2020-21,0.45,-0.26,0.19,449,Regular Season
203469,Cody Zeller,CHA,0.17,-0.06,0.11,2020-21,0.2,-0.05,0.15,2106,Regular Season
202722,Davis Bertans,WAS,0.53,-0.43,0.1,2020-21,0.54,-0.45,0.09,3238,Regular Season
1628464,Daniel Theis,CHI,-0.19,0.28,0.09,2020-21,-0.19,0.28,0.09,3307,Regular Season
1630193,Immanuel Quickley,NYK,0.6,-0.52,0.08,2020-21,0.63,-0.5,0.13,2494,Regular Season
1628404,Josh Hart,NOP,-0.26,0.33,0.07,2020-21,-0.24,0.31,0.07,2850,Regular Season
201961,Wayne Ellington,DET,0.71,-0.64,0.07,2020-21,0.71,-0.66,0.05,2087,Regular Season
202694,Marcus Morris Sr.,LAC,0.35,-0.29,0.06,2020-21,0.35,-0.31,0.04,3085,Regular Season
1628035,Alfonzo McKinnie,LAL,0.67,-0.61,0.06,2020-21,0.72,-0.58,0.14,546,Regular Season
1627826,Ivica Zubac,LAC,0.14,-0.08,0.06,2020-21,0.14,-0.09,0.05,3302,Regular Season
1627747,Caris LeVert,IND,0.05,0.01,0.06,2020-21,0.07,0.03,0.1,3251,Regular Season
201567,Kevin Love,CLE,-0.01,0.07,0.06,2020-21,-0.01,0.03,0.02,1291,Regular Season
203490,Otto Porter Jr.,ORL,-0.03,0.06,0.03,2020-21,-0.01,0.05,0.04,1292,Regular Season
1629134,Kendrick Nunn,MIA,0.36,-0.33,0.03,2020-21,0.36,-0.33,0.03,3359,Regular Season
201586,Serge Ibaka,LAC,-0.09,0.11,0.02,2020-21,-0.09,0.11,0.02,1939,Regular Season
203107,Tomas Satoransky,CHI,0.27,-0.25,0.02,2020-21,0.24,-0.26,-0.02,2690,Regular Season
1627751,Jakob Poeltl,SAS,-0.46,0.48,0.02,2020-21,-0.48,0.5,0.02,3829,Regular Season
1629726,Garrison Mathews,WAS,0.06,-0.04,0.02,2020-21,0.07,-0.06,0.01,2290,Regular Season
1630214,Xavier Tillman,MEM,-0.3,0.31,0.01,2020-21,-0.3,0.32,0.02,2280,Regular Season
1626161,Willie Cauley-Stein,DAL,-0.44,0.44,0.0,2020-21,-0.43,0.43,0.0,1844,Regular Season
202709,Cory Joseph,DET,-0.23,0.22,-0.01,2020-21,-0.24,0.23,-0.01,3037,Regular Season
1629048,Goga Bitadze,IND,-0.7,0.69,-0.01,2020-21,-0.69,0.75,0.06,1220,Regular Season
1628970,Miles Bridges,CHA,0.02,-0.03,-0.01,2020-21,0.0,-0.05,-0.05,4028,Regular Season
1629962,Devin Cannady,ORL,-0.33,0.31,-0.02,2020-21,-0.32,0.33,0.01,157,Regular Season
1628989,Kevin Huerter,ATL,0.05,-0.07,-0.02,2020-21,0.06,-0.05,0.01,4390,Regular Season
1628436,Luke Kornet,BOS,-0.89,0.87,-0.02,2020-21,-0.92,0.88,-0.04,730,Regular Season
202683,Enes Freedom,POR,0.13,-0.16,-0.03,2020-21,0.16,-0.16,0.0,4083,Regular Season
1626192,Pat Connaughton,MIL,-0.27,0.24,-0.03,2020-21,-0.27,0.22,-0.05,3412,Regular Season
2738,Andre Iguodala,MIA,-0.79,0.75,-0.04,2020-21,-0.83,0.75,-0.08,2708,Regular Season
1629660,Ty Jerome,OKC,0.41,-0.45,-0.04,2020-21,0.4,-0.46,-0.06,1677,Regular Season
203552,Seth Curry,PHI,0.39,-0.45,-0.06,2020-21,0.39,-0.46,-0.07,3420,Regular Season
201145,Jeff Green,BKN,0.13,-0.19,-0.06,2020-21,0.13,-0.21,-0.08,3890,Regular Season
1630191,Isaiah Stewart,DET,-0.68,0.62,-0.06,2020-21,-0.69,0.63,-0.06,3029,Regular Season
1626164,Devin Booker,PHX,0.62,-0.68,-0.06,2020-21,0.62,-0.69,-0.07,4666,Regular Season
1628778,Paul Watson,TOR,0.23,-0.3,-0.07,2020-21,0.24,-0.34,-0.1,628,Regular Season
1628978,Donte DiVincenzo,MIL,-0.2,0.13,-0.07,2020-21,-0.2,0.12,-0.08,3942,Regular Season
1627846,Abdel Nader,PHX,-0.36,0.28,-0.08,2020-21,-0.38,0.25,-0.13,754,Regular Season
203493,Reggie Bullock Jr.,NYK,0.13,-0.22,-0.09,2020-21,0.14,-0.24,-0.1,3946,Regular Season
1627783,Pascal Siakam,TOR,0.03,-0.13,-0.1,2020-21,0.06,-0.11,-0.05,4176,Regular Season
1629661,Cameron Johnson,PHX,-0.04,-0.07,-0.11,2020-21,-0.03,-0.08,-0.11,2919,Regular Season
1629643,Chuma Okeke,ORL,-0.53,0.41,-0.12,2020-21,-0.54,0.43,-0.11,2370,Regular Season
203504,Trey Burke,DAL,-0.06,-0.07,-0.13,2020-21,-0.04,-0.05,-0.09,1868,Regular Season
203145,Kent Bazemore,GSW,-0.85,0.72,-0.13,2020-21,-0.87,0.71,-0.16,2880,Regular Season
1629021,Moritz Wagner,ORL,-0.64,0.51,-0.13,2020-21,-0.64,0.49,-0.15,1568,Regular Season
1629750,Javonte Green,CHI,-0.48,0.35,-0.13,2020-21,-0.49,0.36,-0.13,974,Regular Season
1629185,Chris Chiozza,BKN,-0.1,-0.04,-0.14,2020-21,-0.08,-0.0,-0.08,483,Regular Season
203200,Justin Holiday,IND,-0.25,0.11,-0.14,2020-21,-0.26,0.1,-0.16,4708,Regular Season
1630231,KJ Martin,HOU,-0.29,0.15,-0.14,2020-21,-0.29,0.15,-0.14,2292,Regular Season
203516,James Ennis III,ORL,-0.06,-0.08,-0.14,2020-21,-0.06,-0.09,-0.15,2036,Regular Season
1630256,Jae'Sean Tate,HOU,-0.21,0.07,-0.14,2020-21,-0.2,0.08,-0.12,4352,Regular Season
203926,Doug McDermott,IND,0.83,-0.98,-0.15,2020-21,0.85,-0.98,-0.13,3501,Regular Season
1627741,Buddy Hield,SAC,0.26,-0.42,-0.16,2020-21,0.26,-0.43,-0.17,5146,Regular Season
201571,D.J. Augustin,HOU,0.46,-0.62,-0.16,2020-21,0.46,-0.63,-0.17,2400,Regular Season
203903,Jordan Clarkson,UTA,0.37,-0.54,-0.17,2020-21,0.39,-0.54,-0.15,3812,Regular Season
1628379,Luke Kennard,LAC,0.23,-0.41,-0.18,2020-21,0.23,-0.44,-0.21,2513,Regular Season
1630170,Devin Vassell,SAS,-0.64,0.46,-0.18,2020-21,-0.63,0.46,-0.17,2231,Regular Season
1630202,Payton Pritchard,BOS,0.2,-0.39,-0.19,2020-21,0.21,-0.39,-0.18,2618,Regular Season
1629611,Terance Mann,LAC,0.07,-0.27,-0.2,2020-21,0.1,-0.28,-0.18,2612,Regular Season
1628467,Maxi Kleber,DAL,-0.41,0.2,-0.21,2020-21,-0.41,0.17,-0.24,2772,Regular Season
1630180,Saddiq Bey,DET,0.05,-0.26,-0.21,2020-21,0.06,-0.27,-0.21,3964,Regular Season
1630194,Paul Reed,PHI,-0.65,0.44,-0.21,2020-21,-0.65,0.52,-0.13,370,Regular Season
1627827,Dorian Finney-Smith,DAL,-0.09,-0.14,-0.23,2020-21,-0.08,-0.16,-0.24,3938,Regular Season
202335,Patrick Patterson,LAC,-0.01,-0.22,-0.23,2020-21,-0.0,-0.23,-0.23,1202,Regular Season
1629026,Kenrich Williams,OKC,-0.15,-0.09,-0.24,2020-21,-0.15,-0.1,-0.25,3054,Regular Season
1628392,Isaiah Hartenstein,CLE,-0.71,0.47,-0.24,2020-21,-0.72,0.5,-0.22,1148,Regular Season
1629603,Mamadi Diakite,MIL,-1.13,0.88,-0.25,2020-21,-1.1,0.91,-0.19,310,Regular Season
1627740,Henry Ellenson,TOR,0.42,-0.68,-0.26,2020-21,0.56,-0.66,-0.1,82,Regular Season
1630217,Desmond Bane,MEM,0.1,-0.36,-0.26,2020-21,0.1,-0.38,-0.28,3201,Regular Season
204038,Langston Galloway,PHX,0.41,-0.68,-0.27,2020-21,0.42,-0.7,-0.28,915,Regular Season
2546,Carmelo Anthony,POR,-0.19,-0.08,-0.27,2020-21,-0.17,-0.07,-0.24,3502,Regular Season
200765,Rajon Rondo,LAC,-0.22,-0.05,-0.27,2020-21,-0.27,-0.05,-0.32,1570,Regular Season
1630273,Freddie Gillespie,TOR,-0.91,0.64,-0.27,2020-21,-0.91,0.66,-0.25,815,Regular Season
1628373,Frank Ntilikina,NYK,-0.64,0.36,-0.28,2020-21,-0.62,0.38,-0.24,652,Regular Season
1628414,Sindarius Thornwell,ORL,-0.9,0.6,-0.3,2020-21,-0.91,0.65,-0.26,446,Regular Season
200752,Rudy Gay,SAS,-0.53,0.23,-0.3,2020-21,-0.51,0.23,-0.28,2850,Regular Season
1626169,Stanley Johnson,TOR,-0.84,0.54,-0.3,2020-21,-0.86,0.55,-0.31,2120,Regular Season
201566,Russell Westbrook,WAS,-0.19,-0.12,-0.31,2020-21,-0.17,-0.12,-0.29,5277,Regular Season
1628425,Sterling Brown,HOU,-0.22,-0.1,-0.32,2020-21,-0.22,-0.12,-0.34,2608,Regular Season
1628976,Wendell Carter Jr.,ORL,-0.53,0.2,-0.33,2020-21,-0.51,0.2,-0.31,2889,Regular Season
1630198,Isaiah Joe,PHI,-0.39,0.06,-0.33,2020-21,-0.38,0.04,-0.34,805,Regular Season
1629012,Collin Sexton,CLE,0.4,-0.74,-0.34,2020-21,0.41,-0.73,-0.32,4352,Regular Season
202355,Hassan Whiteside,SAC,-1.23,0.89,-0.34,2020-21,-1.25,0.89,-0.36,1162,Regular Season
1627736,Malik Beasley,MIN,0.36,-0.71,-0.35,2020-21,0.38,-0.71,-0.33,2604,Regular Season
203458,Alex Len,WAS,-0.44,0.09,-0.35,2020-21,-0.46,0.08,-0.38,2173,Regular Season
1628402,Frank Jackson,DET,0.29,-0.64,-0.35,2020-21,0.29,-0.66,-0.37,1526,Regular Season
203484,Kentavious Caldwell-Pope,LAL,-0.3,-0.06,-0.36,2020-21,-0.31,-0.08,-0.39,3958,Regular Season
203952,Andrew Wiggins,GSW,-0.19,-0.17,-0.36,2020-21,-0.19,-0.16,-0.35,5072,Regular Season
1626168,Trey Lyles,SAS,-0.4,0.04,-0.36,2020-21,-0.38,-0.0,-0.38,735,Regular Season
1629650,Moses Brown,BOS,-0.64,0.28,-0.36,2020-21,-0.63,0.3,-0.33,1994,Regular Season
1629014,Anfernee Simons,POR,0.3,-0.67,-0.37,2020-21,0.31,-0.68,-0.37,2260,Regular Season
1629056,Terence Davis,SAC,-0.29,-0.08,-0.37,2020-21,-0.29,-0.09,-0.38,2280,Regular Season
1627745,Damian Jones,SAC,-0.61,0.23,-0.38,2020-21,-0.62,0.19,-0.43,1160,Regular Season
203924,Jerami Grant,DET,-0.05,-0.33,-0.38,2020-21,-0.04,-0.33,-0.37,3800,Regular Season
1629023,P.J. Washington,CHA,-0.75,0.36,-0.39,2020-21,-0.77,0.36,-0.41,4049,Regular Season
201988,Patty Mills,SAS,0.22,-0.61,-0.39,2020-21,0.23,-0.63,-0.4,3566,Regular Season
203500,Steven Adams,NOP,-0.43,0.03,-0.4,2020-21,-0.43,0.03,-0.4,3324,Regular Season
203967,Dario Saric,PHX,-0.21,-0.19,-0.4,2020-21,-0.2,-0.2,-0.4,1804,Regular Season
1630230,Naji Marshall,NOP,-0.62,0.21,-0.41,2020-21,-0.61,0.21,-0.4,1523,Regular Season
1630216,Cassius Winston,WAS,0.26,-0.67,-0.41,2020-21,0.28,-0.67,-0.39,199,Regular Season
1627752,Taurean Prince,CLE,-0.56,0.15,-0.41,2020-21,-0.56,0.14,-0.42,1902,Regular Season
1628539,Mychal Mulder,GSW,0.2,-0.62,-0.42,2020-21,0.2,-0.64,-0.44,1677,Regular Season
1630201,Malachi Flynn,TOR,-0.49,0.07,-0.42,2020-21,-0.46,0.08,-0.38,1940,Regular Season
202397,Ish Smith,WAS,-0.66,0.23,-0.43,2020-21,-0.64,0.24,-0.4,2015,Regular Season
200746,LaMarcus Aldridge,BKN,-0.42,-0.01,-0.43,2020-21,-0.41,-0.01,-0.42,1402,Regular Season
1629103,Kelan Martin,IND,-0.58,0.14,-0.44,2020-21,-0.58,0.14,-0.44,692,Regular Season
202083,Wesley Matthews,LAL,-0.71,0.27,-0.44,2020-21,-0.72,0.27,-0.45,2334,Regular Season
1630167,Obi Toppin,NYK,-0.52,0.07,-0.45,2020-21,-0.52,0.05,-0.47,1365,Regular Season
1627854,Bryn Forbes,MIL,0.55,-1.0,-0.45,2020-21,0.56,-1.02,-0.46,2916,Regular Season
203920,Khem Birch,TOR,-0.37,-0.09,-0.46,2020-21,-0.35,-0.06,-0.41,3161,Regular Season
1629620,Justin Robinson,OKC,-0.72,0.25,-0.47,2020-21,-0.69,0.26,-0.43,185,Regular Season
1626220,Royce O'Neale,UTA,-0.66,0.18,-0.48,2020-21,-0.67,0.14,-0.53,4651,Regular Season
1629013,Landry Shamet,BKN,0.01,-0.5,-0.49,2020-21,0.01,-0.52,-0.51,2948,Regular Season
203085,Austin Rivers,DEN,-0.32,-0.17,-0.49,2020-21,-0.32,-0.18,-0.5,1714,Regular Season
1629018,Gary Trent Jr.,TOR,-0.14,-0.36,-0.5,2020-21,-0.11,-0.35,-0.46,3758,Regular Season
1628370,Malik Monk,CHA,0.18,-0.69,-0.51,2020-21,0.19,-0.71,-0.52,1846,Regular Season
2730,Dwight Howard,PHI,-0.91,0.4,-0.51,2020-21,-0.92,0.38,-0.54,2500,Regular Season
1627823,Juancho Hernangomez,MIN,-0.28,-0.23,-0.51,2020-21,-0.25,-0.25,-0.5,1929,Regular Season
201599,DeAndre Jordan,BKN,-0.62,0.11,-0.51,2020-21,-0.65,0.05,-0.6,2622,Regular Season
1629006,Josh Okogie,MIN,-0.79,0.27,-0.52,2020-21,-0.79,0.29,-0.5,2573,Regular Season
1627774,Jake Layman,MIN,-0.77,0.25,-0.52,2020-21,-0.79,0.25,-0.54,1350,Regular Season
1628997,Caleb Martin,CHA,-0.97,0.44,-0.53,2020-21,-0.96,0.45,-0.51,1684,Regular Season
204020,Tyler Johnson,BKN,-0.31,-0.24,-0.55,2020-21,-0.3,-0.26,-0.56,1418,Regular Season
202339,Eric Bledsoe,NOP,-0.4,-0.17,-0.57,2020-21,-0.4,-0.19,-0.59,4474,Regular Season
201569,Eric Gordon,HOU,0.27,-0.84,-0.57,2020-21,0.27,-0.85,-0.58,1696,Regular Season
1630184,Kira Lewis Jr.,NOP,-0.56,-0.01,-0.57,2020-21,-0.53,0.02,-0.51,1918,Regular Season
1628998,Cody Martin,CHA,-0.78,0.21,-0.57,2020-21,-0.79,0.22,-0.57,1760,Regular Season
1630186,Jahmi'us Ramsey,SAC,-0.56,-0.02,-0.58,2020-21,-0.54,-0.01,-0.55,206,Regular Season
1627884,Derrick Jones Jr.,POR,-0.59,0.01,-0.58,2020-21,-0.59,0.02,-0.57,2738,Regular Season
1629659,Talen Horton-Tucker,LAL,-0.67,0.08,-0.59,2020-21,-0.68,0.09,-0.59,2736,Regular Season
1630179,Tyrell Terry,DAL,-2.22,1.63,-0.59,2020-21,-2.22,1.67,-0.55,118,Regular Season
1629716,Marques Bolden,CLE,-1.05,0.46,-0.59,2020-21,-1.13,0.5,-0.63,57,Regular Season
203210,JaMychal Green,DEN,-0.09,-0.51,-0.6,2020-21,-0.08,-0.51,-0.59,2282,Regular Season
1630178,Tyrese Maxey,PHI,-0.22,-0.39,-0.61,2020-21,-0.18,-0.37,-0.55,1952,Regular Season
203932,Aaron Gordon,DEN,-0.46,-0.16,-0.62,2020-21,-0.47,-0.17,-0.64,2848,Regular Season
203090,Maurice Harkless,SAC,-0.9,0.27,-0.63,2020-21,-0.91,0.28,-0.63,1640,Regular Season
1630192,Zeke Nnaji,DEN,-0.4,-0.23,-0.63,2020-21,-0.39,-0.25,-0.64,828,Regular Season
1627761,DeAndre' Bembry,TOR,-0.97,0.33,-0.64,2020-21,-1.01,0.32,-0.69,2030,Regular Season
203658,Norvel Pelle,NYK,-1.62,0.98,-0.64,2020-21,-1.65,1.02,-0.63,172,Regular Season
1629717,Armoni Brooks,HOU,-0.12,-0.52,-0.64,2020-21,-0.13,-0.54,-0.67,1113,Regular Season
203506,Victor Oladipo,MIA,-0.62,-0.03,-0.65,2020-21,-0.59,-0.04,-0.63,2275,Regular Season
1629630,Ja Morant,MEM,0.04,-0.69,-0.65,2020-21,0.05,-0.69,-0.64,4390,Regular Season
202711,Bojan Bogdanovic,UTA,0.16,-0.83,-0.67,2020-21,0.16,-0.85,-0.69,4608,Regular Season
203471,Dennis Schröder,LAL,-0.32,-0.35,-0.67,2020-21,-0.32,-0.35,-0.67,4071,Regular Season
1629638,Nickeil Alexander-Walker,NOP,-0.88,0.21,-0.67,2020-21,-0.89,0.2,-0.69,2114,Regular Season
1628410,Edmond Sumner,IND,-0.3,-0.38,-0.68,2020-21,-0.32,-0.39,-0.71,1888,Regular Season
1629685,Dylan Windler,CLE,-0.91,0.22,-0.69,2020-21,-0.94,0.19,-0.75,1068,Regular Season
1627775,Patrick McCaw,TOR,-0.73,0.04,-0.69,2020-21,-0.6,-0.08,-0.68,66,Regular Season
1627777,Georges Niang,UTA,-0.02,-0.67,-0.69,2020-21,-0.01,-0.7,-0.71,2422,Regular Season
1629640,Keldon Johnson,SAS,-0.33,-0.36,-0.69,2020-21,-0.3,-0.37,-0.67,4100,Regular Season
1626172,Kevon Looney,GSW,-0.37,-0.34,-0.71,2020-21,-0.35,-0.33,-0.68,2454,Regular Season
1630183,Jaden McDaniels,MIN,-0.89,0.18,-0.71,2020-21,-0.9,0.18,-0.72,3245,Regular Season
1626196,Josh Richardson,DAL,-0.47,-0.24,-0.71,2020-21,-0.46,-0.23,-0.69,3658,Regular Season
1626246,Boban Marjanovic,DAL,-0.13,-0.59,-0.72,2020-21,-0.06,-0.57,-0.63,558,Regular Season
1629658,Jaylen Hoard,OKC,-0.64,-0.08,-0.72,2020-21,-0.64,-0.07,-0.71,688,Regular Season
201949,James Johnson,NOP,-1.06,0.34,-0.72,2020-21,-1.07,0.35,-0.72,2224,Regular Season
202357,Nemanja Bjelica,MIA,-0.14,-0.59,-0.73,2020-21,-0.11,-0.59,-0.7,1240,Regular Season
1626162,Kelly Oubre Jr.,GSW,-0.77,0.04,-0.73,2020-21,-0.75,0.03,-0.72,3682,Regular Season
203118,Mike Scott,PHI,-0.98,0.24,-0.74,2020-21,-0.98,0.23,-0.75,1799,Regular Season
1628977,Hamidou Diallo,DET,-0.72,-0.03,-0.75,2020-21,-0.7,-0.03,-0.73,2580,Regular Season
1629002,Chimezie Metu,SAC,-0.67,-0.09,-0.76,2020-21,-0.66,-0.08,-0.74,1032,Regular Season
1629740,Nicolo Melli,DAL,-0.9,0.14,-0.76,2020-21,-0.87,0.15,-0.72,1140,Regular Season
203521,Matthew Dellavedova,CLE,-0.29,-0.48,-0.77,2020-21,-0.24,-0.41,-0.65,458,Regular Season
201952,Jeff Teague,MIL,-0.44,-0.37,-0.81,2020-21,-0.46,-0.37,-0.83,1984,Regular Season
1629681,Killian Tillie,MEM,-1.05,0.23,-0.82,2020-21,-1.02,0.26,-0.76,378,Regular Season
1630166,Deni Avdija,WAS,-1.02,0.19,-0.83,2020-21,-1.0,0.17,-0.83,2767,Regular Season
1629667,Jalen McDaniels,CHA,-0.72,-0.12,-0.84,2020-21,-0.72,-0.12,-0.84,1834,Regular Season
1629599,Amir Coffey,LAC,-0.08,-0.76,-0.84,2020-21,-0.06,-0.77,-0.83,808,Regular Season
203082,Terrence Ross,ORL,-0.61,-0.23,-0.84,2020-21,-0.6,-0.24,-0.84,2800,Regular Season
1629003,Shake Milton,PHI,-0.18,-0.66,-0.84,2020-21,-0.16,-0.65,-0.81,3082,Regular Season
1629636,Darius Garland,CLE,-0.24,-0.61,-0.85,2020-21,-0.26,-0.61,-0.87,3674,Regular Season
203503,Tony Snell,ATL,-0.32,-0.53,-0.85,2020-21,-0.3,-0.59,-0.89,2024,Regular Season
1629669,Jaylen Nowell,MIN,-0.39,-0.46,-0.85,2020-21,-0.36,-0.45,-0.81,1636,Regular Season
203915,Spencer Dinwiddie,BKN,-1.0,0.14,-0.86,2020-21,-1.03,0.1,-0.93,142,Regular Season
203115,Will Barton,DEN,-0.54,-0.34,-0.88,2020-21,-0.54,-0.35,-0.89,3515,Regular Season
1626188,Quinn Cook,CLE,-0.25,-0.63,-0.88,2020-21,-0.22,-0.63,-0.85,328,Regular Season
1628427,Vlatko Čančar,DEN,-0.91,0.03,-0.88,2020-21,-0.91,0.01,-0.9,604,Regular Season
1630207,Nate Hinton,DAL,-1.46,0.56,-0.9,2020-21,-1.43,0.59,-0.84,196,Regular Season
203083,Andre Drummond,LAL,-1.58,0.67,-0.91,2020-21,-1.56,0.68,-0.88,2536,Regular Season
1629639,Tyler Herro,MIA,-0.39,-0.52,-0.91,2020-21,-0.39,-0.54,-0.93,3354,Regular Season
203524,Solomon Hill,ATL,-0.89,-0.02,-0.91,2020-21,-0.9,-0.02,-0.92,3114,Regular Season
1628391,D.J. Wilson,HOU,-1.13,0.21,-0.92,2020-21,-1.12,0.2,-0.92,916,Regular Season
200755,JJ Redick,DAL,-0.37,-0.55,-0.92,2020-21,-0.36,-0.58,-0.94,1536,Regular Season
1627863,Danuel House Jr.,HOU,-0.77,-0.15,-0.92,2020-21,-0.76,-0.17,-0.93,1979,Regular Season
202066,Garrett Temple,CHI,-0.81,-0.11,-0.92,2020-21,-0.82,-0.11,-0.93,3238,Regular Season
1630235,Trent Forrest,UTA,-0.59,-0.33,-0.92,2020-21,-0.61,-0.34,-0.95,609,Regular Season
1630185,Nico Mannion,GSW,-0.77,-0.16,-0.93,2020-21,-0.78,-0.17,-0.95,779,Regular Season
1629035,Carsen Edwards,BOS,-0.3,-0.63,-0.93,2020-21,-0.26,-0.63,-0.89,573,Regular Season
201609,Goran Dragic,MIA,-0.26,-0.69,-0.95,2020-21,-0.27,-0.71,-0.98,2730,Regular Season
1629642,Nassir Little,POR,-0.45,-0.51,-0.96,2020-21,-0.44,-0.53,-0.97,1320,Regular Season
201577,Robin Lopez,WAS,-0.12,-0.84,-0.96,2020-21,-0.13,-0.85,-0.98,2919,Regular Season
1628408,PJ Dozier,DEN,-0.97,0.01,-0.96,2020-21,-0.96,0.0,-0.96,2251,Regular Season
202954,Brad Wanamaker,CHA,-0.89,-0.08,-0.97,2020-21,-0.9,-0.06,-0.96,2194,Regular Season
1627885,Shaquille Harrison,DEN,-1.52,0.54,-0.98,2020-21,-1.51,0.57,-0.94,701,Regular Season
201162,Jared Dudley,LAL,-1.18,0.18,-1.0,2020-21,-1.21,0.22,-0.99,163,Regular Season
1627756,Denzel Valentine,CHI,-0.95,-0.08,-1.03,2020-21,-0.91,-0.09,-1.0,2134,Regular Season
1630200,Tre Jones,SAS,-0.52,-0.51,-1.03,2020-21,-0.52,-0.51,-1.03,552,Regular Season
1629004,Svi Mykhailiuk,OKC,-0.79,-0.24,-1.03,2020-21,-0.81,-0.26,-1.07,2808,Regular Season
1629632,Coby White,CHI,-0.35,-0.68,-1.03,2020-21,-0.34,-0.7,-1.04,4553,Regular Season
1628400,Semi Ojeleye,BOS,-0.57,-0.48,-1.05,2020-21,-0.56,-0.51,-1.07,1938,Regular Season
1626224,Cedi Osman,CLE,-0.83,-0.23,-1.06,2020-21,-0.81,-0.23,-1.04,3090,Regular Season
1628385,Harry Giles III,POR,-1.36,0.29,-1.07,2020-21,-1.33,0.29,-1.04,734,Regular Season
1628995,Kevin Knox II,NYK,-0.73,-0.34,-1.07,2020-21,-0.72,-0.35,-1.07,950,Regular Season
200782,P.J. Tucker,MIL,-1.2,0.13,-1.07,2020-21,-1.22,0.12,-1.1,2885,Regular Season
1629648,Jordan Bone,ORL,-0.36,-0.72,-1.08,2020-21,-0.32,-0.73,-1.05,409,Regular Season
1630174,Aaron Nesmith,BOS,-0.75,-0.33,-1.08,2020-21,-0.73,-0.35,-1.08,1400,Regular Season
1629752,Juwan Morgan,UTA,-0.54,-0.54,-1.08,2020-21,-0.5,-0.54,-1.04,312,Regular Season
1629610,DaQuan Jeffries,SAS,-1.11,0.02,-1.09,2020-21,-1.12,0.02,-1.1,1061,Regular Season
1630172,Patrick Williams,CHI,-1.11,0.02,-1.09,2020-21,-1.12,-0.0,-1.12,4137,Regular Season
1628963,Marvin Bagley III,SAC,-0.56,-0.55,-1.11,2020-21,-0.53,-0.55,-1.08,2342,Regular Season
1628962,Udoka Azubuike,UTA,-1.45,0.33,-1.12,2020-21,-1.48,0.33,-1.15,122,Regular Season
1629751,Dakota Mathias,PHI,-0.53,-0.6,-1.13,2020-21,-0.48,-0.59,-1.07,262,Regular Season
1629076,Tyler Cook,DET,-0.56,-0.58,-1.14,2020-21,-0.56,-0.62,-1.18,902,Regular Season
202329,Al-Farouq Aminu,CHI,-1.75,0.61,-1.14,2020-21,-1.77,0.6,-1.17,873,Regular Season
1630222,Mason Jones,PHI,-0.14,-1.01,-1.15,2020-21,-0.14,-1.04,-1.18,725,Regular Season
1630173,Precious Achiuwa,MIA,-1.0,-0.16,-1.16,2020-21,-0.99,-0.15,-1.14,1526,Regular Season
1630182,Josh Green,DAL,-1.07,-0.1,-1.17,2020-21,-1.06,-0.09,-1.15,918,Regular Season
1628455,Mike James,BKN,-0.66,-0.51,-1.17,2020-21,-0.65,-0.51,-1.16,488,Regular Season
1629628,RJ Barrett,NYK,-0.63,-0.54,-1.17,2020-21,-0.6,-0.56,-1.16,5120,Regular Season
203953,Jabari Parker,BOS,-0.77,-0.41,-1.18,2020-21,-0.78,-0.44,-1.22,343,Regular Season
1628398,Kyle Kuzma,LAL,-0.66,-0.54,-1.2,2020-21,-0.66,-0.56,-1.22,4056,Regular Season
202684,Tristan Thompson,BOS,-0.92,-0.29,-1.21,2020-21,-0.89,-0.3,-1.19,2666,Regular Season
1630162,Anthony Edwards,MIN,-0.69,-0.52,-1.21,2020-21,-0.67,-0.53,-1.2,4976,Regular Season
1627789,Timothe Luwawu-Cabarrot,BKN,-0.82,-0.39,-1.21,2020-21,-0.8,-0.4,-1.2,2240,Regular Season
1629713,Justin James,SAC,-0.43,-0.78,-1.21,2020-21,-0.42,-0.78,-1.2,660,Regular Season
1629652,Luguentz Dort,OKC,-1.05,-0.17,-1.22,2020-21,-1.03,-0.18,-1.21,3238,Regular Season
101150,Lou Williams,ATL,-0.63,-0.59,-1.22,2020-21,-0.61,-0.6,-1.21,2988,Regular Season
1630271,Brodric Thomas,CLE,-1.33,0.11,-1.22,2020-21,-1.34,0.12,-1.22,826,Regular Season
1628972,Troy Brown Jr.,CHI,-0.97,-0.27,-1.24,2020-21,-0.96,-0.29,-1.25,1086,Regular Season
203086,Meyers Leonard,MIA,-0.89,-0.36,-1.25,2020-21,-0.89,-0.46,-1.35,60,Regular Season
1630176,Vernon Carey Jr.,CHA,-1.42,0.17,-1.25,2020-21,-1.43,0.15,-1.28,233,Regular Season
1629060,Rui Hachimura,WAS,-0.83,-0.42,-1.25,2020-21,-0.8,-0.44,-1.24,3966,Regular Season
1629676,Isaiah Roby,OKC,-1.23,-0.03,-1.26,2020-21,-1.25,-0.04,-1.29,3033,Regular Season
203957,Dante Exum,HOU,-1.73,0.45,-1.28,2020-21,-1.76,0.44,-1.32,248,Regular Season
203933,T.J. Warren,IND,-0.67,-0.61,-1.28,2020-21,-0.62,-0.62,-1.24,251,Regular Season
1629164,Brandon Goodwin,ATL,-0.85,-0.44,-1.29,2020-21,-0.83,-0.44,-1.27,1257,Regular Season
203263,James Nunnally,NOP,-0.38,-0.91,-1.29,2020-21,-0.38,-0.97,-1.35,98,Regular Season
201580,JaVale McGee,DEN,-1.7,0.41,-1.29,2020-21,-1.71,0.43,-1.28,1398,Regular Season
1628988,Aaron Holiday,IND,-0.97,-0.34,-1.31,2020-21,-0.96,-0.33,-1.29,2548,Regular Season
203914,Gary Harris,ORL,-0.79,-0.52,-1.31,2020-21,-0.77,-0.51,-1.28,2221,Regular Season
1628388,T.J. Leaf,POR,-1.74,0.43,-1.31,2020-21,-1.79,0.4,-1.39,80,Regular Season
202734,E'Twaun Moore,PHX,-1.07,-0.25,-1.32,2020-21,-1.08,-0.25,-1.33,820,Regular Season
1629629,Cam Reddish,ATL,-1.27,-0.05,-1.32,2020-21,-1.25,-0.05,-1.3,1600,Regular Season
202693,Markieff Morris,LAL,-1.1,-0.22,-1.32,2020-21,-1.08,-0.25,-1.33,2513,Regular Season
1629657,Kyle Guy,SAC,-1.17,-0.17,-1.34,2020-21,-1.13,-0.19,-1.32,496,Regular Season
1629672,Eric Paschall,GSW,-0.67,-0.68,-1.35,2020-21,-0.64,-0.7,-1.34,1482,Regular Season
1629684,Grant Williams,BOS,-1.18,-0.18,-1.36,2020-21,-1.18,-0.19,-1.37,2388,Regular Season
1629109,Gary Clark,PHI,-1.1,-0.28,-1.38,2020-21,-1.1,-0.28,-1.38,1364,Regular Season
203922,Glenn Robinson III,SAC,-0.65,-0.73,-1.38,2020-21,-0.64,-0.75,-1.39,789,Regular Season
1630205,Lamar Stevens,CLE,-1.32,-0.07,-1.39,2020-21,-1.32,-0.07,-1.39,1027,Regular Season
202322,John Wall,HOU,-0.89,-0.51,-1.4,2020-21,-0.89,-0.52,-1.41,2732,Regular Season
1628382,Justin Jackson,MIL,-0.81,-0.59,-1.4,2020-21,-0.79,-0.61,-1.4,1233,Regular Season
202687,Bismack Biyombo,CHA,-1.31,-0.09,-1.4,2020-21,-1.33,-0.1,-1.43,2784,Regular Season
1629671,Miye Oni,UTA,-0.9,-0.5,-1.4,2020-21,-0.89,-0.51,-1.4,1074,Regular Season
1630181,R.J. Hampton,ORL,-1.15,-0.28,-1.43,2020-21,-1.13,-0.3,-1.43,1880,Regular Season
1630238,Malik Fitts,LAC,-1.16,-0.28,-1.44,2020-21,-1.04,-0.31,-1.35,20,Regular Season
1629662,Mfiondu Kabengele,CLE,-1.71,0.26,-1.45,2020-21,-1.71,0.25,-1.46,588,Regular Season
1629683,Quinndary Weatherspoon,SAS,-1.38,-0.07,-1.45,2020-21,-1.4,-0.05,-1.45,255,Regular Season
1628415,Dillon Brooks,MEM,-0.91,-0.54,-1.45,2020-21,-0.87,-0.53,-1.4,4260,Regular Season
202340,Avery Bradley,HOU,-1.16,-0.3,-1.46,2020-21,-1.16,-0.31,-1.47,1280,Regular Season
1630268,Nate Darling,CHA,-0.38,-1.09,-1.47,2020-21,-0.39,-1.1,-1.49,52,Regular Season
1629117,Wenyen Gabriel,NOP,-1.25,-0.22,-1.47,2020-21,-1.27,-0.21,-1.48,511,Regular Season
1629216,Gabe Vincent,MIA,-1.07,-0.4,-1.47,2020-21,-1.05,-0.41,-1.46,1308,Regular Season
201229,Anthony Tolliver,PHI,-1.46,-0.03,-1.49,2020-21,-1.49,-0.02,-1.51,212,Regular Season
1629346,Alen Smailagic,GSW,-1.56,0.07,-1.49,2020-21,-1.57,0.09,-1.48,186,Regular Season
1626143,Jahlil Okafor,DET,-0.63,-0.87,-1.5,2020-21,-0.63,-0.9,-1.53,716,Regular Season
203463,Ben McLemore,LAL,-0.77,-0.76,-1.53,2020-21,-0.75,-0.77,-1.52,1962,Regular Season
1630233,Nathan Knight,ATL,-1.16,-0.37,-1.53,2020-21,-1.14,-0.35,-1.49,574,Regular Season
1629604,CJ Elleby,POR,-1.08,-0.46,-1.54,2020-21,-1.03,-0.44,-1.47,416,Regular Season
1629066,Rodions Kurucs,MIL,-2.01,0.47,-1.54,2020-21,-2.08,0.47,-1.61,274,Regular Season
1630171,Isaac Okoro,CLE,-1.07,-0.47,-1.54,2020-21,-1.06,-0.47,-1.53,4423,Regular Season
1629022,Lonnie Walker IV,SAS,-0.92,-0.64,-1.56,2020-21,-0.9,-0.65,-1.55,3169,Regular Season
1630253,Sean McDermott,MEM,-0.93,-0.65,-1.58,2020-21,-0.94,-0.68,-1.62,334,Regular Season
1628578,Amida Brimah,IND,-2.55,0.94,-1.61,2020-21,-2.71,0.88,-1.83,66,Regular Season
1629686,Deividas Sirvydis,DET,-1.51,-0.1,-1.61,2020-21,-1.5,-0.17,-1.67,271,Regular Season
1628407,Dwayne Bacon,ORL,-1.15,-0.47,-1.62,2020-21,-1.1,-0.47,-1.57,3854,Regular Season
1629644,KZ Okpala,MIA,-1.5,-0.13,-1.63,2020-21,-1.49,-0.11,-1.6,900,Regular Season
1628990,Chandler Hutchison,WAS,-2.09,0.44,-1.65,2020-21,-2.09,0.4,-1.69,768,Regular Season
1628422,Damyean Dotson,CLE,-1.01,-0.65,-1.66,2020-21,-1.0,-0.68,-1.68,1864,Regular Season
1628395,Jordan Bell,GSW,-2.69,1.02,-1.67,2020-21,-2.7,1.05,-1.65,168,Regular Season
1626184,Chasson Randle,ORL,-1.05,-0.64,-1.69,2020-21,-1.05,-0.66,-1.71,1746,Regular Season
1630237,Anthony Lamb,HOU,-0.96,-0.76,-1.72,2020-21,-0.95,-0.77,-1.72,902,Regular Season
1629645,Kevin Porter Jr.,HOU,-0.64,-1.09,-1.73,2020-21,-0.65,-1.11,-1.76,1792,Regular Season
1628367,Josh Jackson,DET,-1.41,-0.33,-1.74,2020-21,-1.41,-0.33,-1.74,3281,Regular Season
1630175,Cole Anthony,ORL,-1.28,-0.49,-1.77,2020-21,-1.27,-0.52,-1.79,2660,Regular Season
1629744,Matt Thomas,UTA,-0.59,-1.18,-1.77,2020-21,-0.56,-1.2,-1.76,684,Regular Season
1629626,Bol Bol,DEN,-1.82,0.05,-1.77,2020-21,-1.87,0.01,-1.86,352,Regular Season
1629735,Chris Silva,SAC,-1.73,-0.08,-1.81,2020-21,-1.77,-0.12,-1.89,194,Regular Season
203487,Michael Carter-Williams,ORL,-1.87,0.05,-1.82,2020-21,-1.87,0.04,-1.83,1677,Regular Season
1630164,James Wiseman,GSW,-1.43,-0.39,-1.82,2020-21,-1.41,-0.41,-1.82,1842,Regular Season
203382,Aron Baynes,TOR,-1.37,-0.45,-1.82,2020-21,-1.35,-0.46,-1.81,2061,Regular Season
203648,Thanasis Antetokounmpo,MIL,-1.43,-0.42,-1.85,2020-21,-1.44,-0.41,-1.85,1193,Regular Season
1630177,Theo Maledon,OKC,-1.35,-0.5,-1.85,2020-21,-1.36,-0.52,-1.88,3812,Regular Season
1629633,Jarrett Culver,MIN,-1.61,-0.26,-1.87,2020-21,-1.58,-0.26,-1.84,1066,Regular Season
1628411,Wes Iwundu,NOP,-1.82,-0.05,-1.87,2020-21,-1.82,-0.05,-1.87,1148,Regular Season
1629007,Jontay Porter,MEM,-1.4,-0.53,-1.93,2020-21,-1.44,-0.55,-1.99,109,Regular Season
1629677,Luka Samanic,SAS,-1.43,-0.51,-1.94,2020-21,-1.41,-0.53,-1.94,635,Regular Season
203460,Andre Roberson,BKN,-2.14,0.2,-1.94,2020-21,-2.13,0.28,-1.85,124,Regular Season
1629067,Isaac Bonga,WAS,-1.65,-0.31,-1.96,2020-21,-1.66,-0.31,-1.97,927,Regular Season
1629649,Ignas Brazdeikis,ORL,-1.19,-0.8,-1.99,2020-21,-1.17,-0.81,-1.98,526,Regular Season
1628365,Markelle Fultz,ORL,-1.72,-0.35,-2.07,2020-21,-1.68,-0.36,-2.04,460,Regular Season
203918,Rodney Hood,TOR,-1.65,-0.5,-2.15,2020-21,-1.64,-0.52,-2.16,1952,Regular Season
1629641,Romeo Langford,BOS,-1.87,-0.31,-2.18,2020-21,-1.87,-0.31,-2.18,585,Regular Season
203960,JaKarr Sampson,IND,-1.58,-0.63,-2.21,2020-21,-1.55,-0.62,-2.17,684,Regular Season
1630218,Robert Woodard II,SAC,-2.12,-0.1,-2.22,2020-21,-2.04,-0.1,-2.14,96,Regular Season
203901,Elfrid Payton,NYK,-1.51,-0.74,-2.25,2020-21,-1.47,-0.74,-2.21,3022,Regular Season
1630190,Elijah Hughes,UTA,-1.75,-0.51,-2.26,2020-21,-1.76,-0.55,-2.31,134,Regular Season
1629010,Jerome Robinson,WAS,-2.4,0.09,-2.31,2020-21,-2.4,0.09,-2.31,661,Regular Season
1629635,Sekou Doumbouya,DET,-1.77,-0.58,-2.35,2020-21,-1.74,-0.59,-2.33,1784,Regular Season
1629647,Darius Bazley,OKC,-1.86,-0.5,-2.36,2020-21,-1.86,-0.55,-2.41,3658,Regular Season
1630187,Daniel Oturu,LAC,-1.6,-0.77,-2.37,2020-21,-1.55,-0.74,-2.29,316,Regular Season
1629718,Charlie Brown Jr.,OKC,-1.97,-0.53,-2.5,2020-21,-1.95,-0.52,-2.47,326,Regular Season
1630211,Karim Mane,ORL,-2.08,-0.45,-2.53,2020-21,-2.08,-0.45,-2.53,184,Regular Season
1630234,Ty-Shon Alexander,PHX,-2.15,-0.5,-2.65,2020-21,-2.17,-0.52,-2.69,95,Regular Season
1630165,Killian Hayes,DET,-2.36,-0.44,-2.8,2020-21,-2.41,-0.46,-2.87,1406,Regular Season
1629617,Reggie Perry,BKN,-1.94,-0.93,-2.87,2020-21,-1.89,-0.91,-2.8,436,Regular Season
1628981,Bruno Fernando,ATL,-2.59,-0.3,-2.89,2020-21,-2.61,-0.35,-2.96,473,Regular Season
1629244,Cam Reynolds,HOU,-1.37,-1.54,-2.91,2020-21,-1.27,-1.54,-2.81,85,Regular Season
1630188,Jalen Smith,PHX,-2.12,-0.89,-3.01,2020-21,-2.09,-0.94,-3.03,332,Regular Season
1628412,Frank Mason III,ORL,-1.34,-1.67,-3.01,2020-21,-1.29,-1.68,-2.97,160,Regular Season
1629712,Didi Louzada,NOP,-2.35,-0.69,-3.04,2020-21,-2.36,-0.66,-3.02,122,Regular Season
1628968,Brian Bowen II,IND,-3.02,-0.18,-3.2,2020-21,-2.94,-0.21,-3.15,32,Regular Season
1630208,Nick Richards,CHA,-1.7,-1.51,-3.21,2020-21,-1.67,-1.54,-3.21,124,Regular Season
1626159,Justise Winslow,MEM,-3.11,-0.13,-3.24,2020-21,-3.07,-0.16,-3.23,1100,Regular Season
1629091,Elijah Bryant,MIL,-1.75,-1.54,-3.29,2020-21,-1.79,-1.59,-3.38,70,Regular Season
1630197,Aleksej Pokusevski,OKC,-2.79,-0.53,-3.32,2020-21,-2.81,-0.57,-3.38,2356,Regular Season
1627737,Marquese Chriss,GSW,-3.08,-0.33,-3.41,2020-21,-3.01,-0.36,-3.37,62,Regular Season
204025,Tim Frazier,MEM,-3.25,-0.19,-3.44,2020-21,-3.19,-0.15,-3.34,138,Regular Season
1628390,Terrance Ferguson,PHI,-2.51,-0.93,-3.44,2020-21,-2.58,-0.88,-3.46,100,Regular Season
1630206,Jay Scrubb,LAC,-3.16,-0.3,-3.46,2020-21,-3.16,-0.36,-3.52,176,Regular Season
1630210,Markus Howard,DEN,-2.25,-1.51,-3.76,2020-21,-2.22,-1.56,-3.78,442,Regular Season
1630189,Tyler Bey,DAL,-2.75,-1.06,-3.81,2020-21,-2.71,-1.06,-3.77,152,Regular Season
2760,Anderson Varejao,CLE,-3.36,-0.63,-3.99,2020-21,-3.2,-0.61,-3.81,80,Regular Season
1630221,Josh Hall,OKC,-3.04,-1.14,-4.18,2020-21,-3.01,-1.17,-4.18,728,Regular Season
1630199,Cassius Stanley,IND,-3.04,-1.2,-4.24,2020-21,-2.88,-1.19,-4.07,196,Regular Season
203998,Bruno Caboclo,HOU,-3.41,-0.91,-4.32,2020-21,-3.41,-0.97,-4.38,81,Regular Season
1629833,Keljin Blevins,POR,-3.15,-1.23,-4.38,2020-21,-3.15,-1.23,-4.38,169,Regular Season
1629690,Adam Mokoka,CHI,-3.36,-1.06,-4.42,2020-21,-3.38,-1.08,-4.46,118,Regular Season
1627739,Kris Dunn,ATL,-5.02,0.59,-4.43,2020-21,-5.01,0.62,-4.39,94,Regular Season
1629033,Theo Pinson,NYK,-3.63,-0.97,-4.6,2020-21,-3.62,-0.95,-4.57,76,Regular Season
1629725,Jeremiah Martin,CLE,-5.06,0.04,-5.02,2020-21,-5.05,0.02,-5.03,158,Regular Season
202697,Iman Shumpert,BKN,-4.52,-0.53,-5.05,2020-21,-4.54,-0.51,-5.05,22,Regular Season
1628961,Kostas Antetokounmpo,LAL,-5.16,-0.16,-5.32,2020-21,-5.28,-0.22,-5.5,128,Regular Season
202738,Isaiah Thomas,NOP,-4.25,-1.36,-5.61,2020-21,-4.23,-1.46,-5.69,104,Regular Season
204222,Greg Whittington,DEN,-4.57,-1.27,-5.84,2020-21,-4.53,-1.22,-5.75,25,Regular Season
1629034,Ray Spalding,HOU,-4.62,-1.37,-5.99,2020-21,-4.73,-1.4,-6.13,43,Regular Season
1629121,Jaylen Adams,MIL,-5.29,-0.98,-6.27,2020-21,-5.13,-1.0,-6.13,38,Regular Season
1629738,Vincent Poirier,PHI,-4.97,-1.46,-6.43,2020-21,-4.92,-1.44,-6.36,82,Regular Season
1629665,Jalen Lecque,IND,-6.57,-2.07,-8.64,2020-21,-6.23,-2.12,-8.35,28,Regular Season
1629607,Jared Harper,NYK,-6.47,-2.38,-8.85,2020-21,-6.53,-2.5,-9.03,37,Regular Season
1630204,Ashton Hagans,MIN,-6.46,-3.2,-9.66,2020-21,-6.66,-3.42,-10.08,10,Regular Season
203943,Noah Vonleh,BKN,-8.69,-2.97,-11.66,2020-21,-8.71,-3.05,-11.76,21,Regular Season
1630266,Will Magnay,NOP,-10.34,-4.43,-14.77,2020-21,-10.45,-4.53,-14.98,8,Regular Season
1628394,Anžejs Pasečņiks,WAS,-15.08,-9.1,-24.18,2020-21,-15.64,-9.37,-25.01,14,Regular Season
