PLAYER_ID,PLAYER_NAME,TEAM_ABBREVIATION,WPA,WPA_PLAYS,SEASON,SEASON_TYPE
203081,D. Lillard,POR,50.93,1051,2020-21,Regular Season
203078,B. Beal,WAS,49.56,1078,2020-21,Regular Season
203999,N. Jokić,DEN,49.51,1074,2020-21,Regular Season
201939,S. Curry,GSW,47.36,1019,2020-21,Regular Season
1628369,J. Tatum,BOS,46.68,900,2020-21,Regular Season
1626164,D. Booker,PHX,43.44,963,2020-21,Regular Season
1629029,L. Dončić,DAL,43.13,991,2020-21,Regular Season
201566,R. Westbrook,WAS,42.87,815,2020-21,Regular Season
1629627,Z. Williamson,NOP,41.97,1003,2020-21,Regular Season
203944,J. Randle,NYK,41.54,950,2020-21,Regular Season
201942,D. DeRozan,SAS,39.69,841,2020-21,Regular Season
1628368,D. Fox,SAC,39.0,829,2020-21,Regular Season
203507,G. Antetokounmpo,MIL,38.9,1021,2020-21,Regular Season
203897,Z. LaVine,CHI,38.05,822,2020-21,Regular Season
1629027,T. Young,ATL,37.85,970,2020-21,Regular Season
202696,N. Vučević,ORL,36.84,796,2020-21,Regular Season
203954,J. Embiid,PHI,35.45,932,2020-21,Regular Season
1627759,J. Brown,BOS,34.75,728,2020-21,Regular Season
202681,K. Irving,BKN,34.73,750,2020-21,Regular Season
1627742,B. Ingram,NOP,34.55,794,2020-21,Regular Season
1626179,T. Rozier,CHA,34.25,675,2020-21,Regular Season
1629012,C. Sexton,CLE,33.02,837,2020-21,Regular Season
203114,K. Middleton,MIL,32.68,723,2020-21,Regular Season
1626157,K. Towns,MIN,32.24,692,2020-21,Regular Season
1629630,J. Morant,MEM,31.7,701,2020-21,Regular Season
1629628,R. Barrett,NYK,31.19,673,2020-21,Regular Season
1627734,D. Sabonis,IND,31.19,723,2020-21,Regular Season
1630162,A. Edwards,MIN,30.69,716,2020-21,Regular Season
1628378,D. Mitchell,UTA,30.62,745,2020-21,Regular Season
101108,C. Paul,PHX,30.18,608,2020-21,Regular Season
1627763,M. Brogdon,IND,29.85,597,2020-21,Regular Season
201935,J. Harden,HOU,29.64,620,2020-21,Regular Season
1627741,B. Hield,SAC,29.31,490,2020-21,Regular Season
1626181,N. Powell,TOR,29.27,674,2020-21,Regular Season
203924,J. Grant,DET,29.07,690,2020-21,Regular Season
2544,L. James,LAL,29.01,600,2020-21,Regular Season
1628389,B. Adebayo,MIA,28.92,739,2020-21,Regular Season
203952,A. Wiggins,GSW,28.75,675,2020-21,Regular Season
202699,T. Harris,PHI,28.59,655,2020-21,Regular Season
202710,J. Butler III,MIA,28.43,725,2020-21,Regular Season
1627783,P. Siakam,TOR,28.41,686,2020-21,Regular Season
202331,P. George,LAC,28.15,643,2020-21,Regular Season
202695,K. Leonard,LAC,28.01,726,2020-21,Regular Season
1628415,D. Brooks,MEM,27.86,591,2020-21,Regular Season
203501,T. Hardaway Jr.,DAL,26.86,549,2020-21,Regular Season
1627749,D. Murray,SAS,26.61,547,2020-21,Regular Season
202685,J. Valančiūnas,MEM,26.26,597,2020-21,Regular Season
1627832,F. VanVleet,TOR,25.57,507,2020-21,Regular Season
203468,C. McCollum,POR,25.43,513,2020-21,Regular Season
1628381,J. Collins,ATL,25.37,599,2020-21,Regular Season
1629008,M. Porter Jr.,DEN,25.27,549,2020-21,Regular Season
203903,J. Clarkson,UTA,25.21,586,2020-21,Regular Season
203084,H. Barnes,SAC,25.06,513,2020-21,Regular Season
1627750,J. Murray,DEN,24.91,511,2020-21,Regular Season
202711,B. Bogdanović,UTA,24.78,639,2020-21,Regular Season
1629028,D. Ayton,PHX,24.59,563,2020-21,Regular Season
201950,J. Holiday,MIL,24.32,521,2020-21,Regular Season
203471,D. Schröder,LAL,24.22,538,2020-21,Regular Season
201142,K. Durant,BKN,24.2,533,2020-21,Regular Season
1629632,C. White,CHI,23.94,503,2020-21,Regular Season
203991,C. Capela,ATL,23.82,543,2020-21,Regular Season
203925,J. Harris,BKN,23.08,406,2020-21,Regular Season
1627747,C. LeVert,BKN,23.03,505,2020-21,Regular Season
1628969,M. Bridges,PHX,22.76,473,2020-21,Regular Season
2546,C. Anthony,POR,22.1,464,2020-21,Regular Season
1626156,D. Russell,MIN,21.88,395,2020-21,Regular Season
1629018,G. Trent Jr.,POR,21.74,403,2020-21,Regular Season
203482,K. Olynyk,MIA,21.61,482,2020-21,Regular Season
1626158,R. Holmes,SAC,21.61,501,2020-21,Regular Season
1628983,S. Gilgeous-Alexander,OKC,21.48,472,2020-21,Regular Season
1626149,M. Harrell,LAL,20.89,556,2020-21,Regular Season
1629640,K. Johnson,SAS,20.8,483,2020-21,Regular Season
1629130,D. Robinson,MIA,20.65,377,2020-21,Regular Season
202339,E. Bledsoe,NOP,20.28,441,2020-21,Regular Season
1629636,D. Garland,CLE,20.21,474,2020-21,Regular Season
203937,K. Anderson,MEM,20.04,452,2020-21,Regular Season
1628398,K. Kuzma,LAL,19.98,402,2020-21,Regular Season
1629639,T. Herro,MIA,19.94,401,2020-21,Regular Season
200768,K. Lowry,TOR,19.92,399,2020-21,Regular Season
203926,D. McDermott,IND,19.85,433,2020-21,Regular Season
204001,K. Porziņģis,DAL,19.79,443,2020-21,Regular Season
203076,A. Davis,LAL,19.73,459,2020-21,Regular Season
202330,G. Hayward,CHA,19.67,467,2020-21,Regular Season
1628366,L. Ball,NOP,19.61,340,2020-21,Regular Season
1626162,K. Oubre Jr.,GSW,19.6,441,2020-21,Regular Season
203497,R. Gobert,UTA,19.25,624,2020-21,Regular Season
1628449,C. Boucher,TOR,19.22,440,2020-21,Regular Season
1628984,D. Graham,CHA,19.0,385,2020-21,Regular Season
1628989,K. Huerter,ATL,18.99,366,2020-21,Regular Season
1626174,C. Wood,HOU,18.91,454,2020-21,Regular Season
1629060,R. Hachimura,WAS,18.8,434,2020-21,Regular Season
1630169,T. Haliburton,SAC,18.79,340,2020-21,Regular Season
1627732,B. Simmons,PHI,18.75,501,2020-21,Regular Season
1629023,P. Washington,CHA,18.46,410,2020-21,Regular Season
202322,J. Wall,HOU,18.45,450,2020-21,Regular Season
202689,K. Walker,BOS,18.33,418,2020-21,Regular Season
200752,R. Gay,SAS,18.3,346,2020-21,Regular Season
1628973,J. Brunson,DAL,18.3,448,2020-21,Regular Season
203082,T. Ross,ORL,18.27,374,2020-21,Regular Season
1628970,M. Bridges,CHA,18.24,409,2020-21,Regular Season
201988,P. Mills,SAS,18.24,323,2020-21,Regular Season
201572,B. Lopez,MIL,18.22,442,2020-21,Regular Season
201152,T. Young,CHI,18.15,441,2020-21,Regular Season
1630163,L. Ball,CHA,18.15,418,2020-21,Regular Season
201565,D. Rose,DET,18.11,397,2020-21,Regular Season
203992,B. Bogdanović,ATL,18.06,307,2020-21,Regular Season
202683,E. Freedom,POR,18.02,466,2020-21,Regular Season
201145,J. Green,BKN,17.98,385,2020-21,Regular Season
203200,J. Holiday,IND,17.88,325,2020-21,Regular Season
1630180,S. Bey,DET,17.8,402,2020-21,Regular Season
1628386,J. Allen,BKN,17.79,502,2020-21,Regular Season
201144,M. Conley,UTA,17.66,405,2020-21,Regular Season
1628367,J. Jackson,DET,17.45,455,2020-21,Regular Season
1629652,L. Dort,OKC,17.44,369,2020-21,Regular Season
101150,L. Williams,LAC,17.44,415,2020-21,Regular Season
1629675,N. Reid,MIN,17.39,419,2020-21,Regular Season
202722,D. Bertans,WAS,17.23,293,2020-21,Regular Season
202692,A. Burks,NYK,17.19,311,2020-21,Regular Season
203095,E. Fournier,ORL,17.08,355,2020-21,Regular Season
203115,W. Barton,DEN,17.03,353,2020-21,Regular Season
202694,M. Morris Sr.,LAC,17.0,349,2020-21,Regular Season
202704,R. Jackson,LAC,16.97,330,2020-21,Regular Season
1630256,J. Tate,HOU,16.58,418,2020-21,Regular Season
203493,R. Bullock Jr.,NYK,16.55,298,2020-21,Regular Season
1626167,M. Turner,IND,16.42,317,2020-21,Regular Season
1629647,D. Bazley,OKC,16.32,398,2020-21,Regular Season
1629134,K. Nunn,MIA,16.32,375,2020-21,Regular Season
203083,A. Drummond,CLE,16.15,405,2020-21,Regular Season
1627736,M. Beasley,MIN,16.14,332,2020-21,Regular Season
204060,J. Ingles,UTA,16.03,351,2020-21,Regular Season
201609,G. Dragic,MIA,16.01,341,2020-21,Regular Season
1629022,L. Walker IV,SAS,15.94,312,2020-21,Regular Season
1628407,D. Bacon,ORL,15.55,437,2020-21,Regular Season
203552,S. Curry,PHI,15.54,327,2020-21,Regular Season
1628464,D. Theis,BOS,15.54,326,2020-21,Regular Season
1628384,O. Anunoby,TOR,15.46,329,2020-21,Regular Season
203935,M. Smart,BOS,15.4,331,2020-21,Regular Season
203484,K. Caldwell-Pope,LAL,15.29,315,2020-21,Regular Season
1626196,J. Richardson,DAL,15.26,363,2020-21,Regular Season
203506,V. Oladipo,IND,15.24,339,2020-21,Regular Season
201980,D. Green,PHI,14.96,255,2020-21,Regular Season
1629003,S. Milton,PHI,14.95,446,2020-21,Regular Season
201568,D. Gallinari,ATL,14.84,367,2020-21,Regular Season
201577,R. Lopez,WAS,14.83,368,2020-21,Regular Season
1630193,I. Quickley,NYK,14.75,384,2020-21,Regular Season
1630171,I. Okoro,CLE,14.69,349,2020-21,Regular Season
204456,T. McConnell,IND,14.65,307,2020-21,Regular Season
1627827,D. Finney-Smith,DAL,14.64,251,2020-21,Regular Season
203932,A. Gordon,ORL,14.6,328,2020-21,Regular Season
203901,E. Payton,NYK,14.55,342,2020-21,Regular Season
203496,R. Covington,POR,14.46,254,2020-21,Regular Season
203109,J. Crowder,PHX,14.41,256,2020-21,Regular Season
1627826,I. Zubac,LAC,14.34,392,2020-21,Regular Season
1628978,D. DiVincenzo,MIL,14.34,304,2020-21,Regular Season
1628374,L. Markkanen,CHI,14.34,326,2020-21,Regular Season
1629634,B. Clarke,MEM,14.29,334,2020-21,Regular Season
1630175,C. Anthony,ORL,14.24,328,2020-21,Regular Season
1628976,W. Carter Jr.,CHI,14.18,361,2020-21,Regular Season
1626171,B. Portis,MIL,14.05,367,2020-21,Regular Season
1626153,D. Wright,DET,13.96,341,2020-21,Regular Season
1627751,J. Poeltl,SAS,13.84,328,2020-21,Regular Season
203486,M. Plumlee,DET,13.78,347,2020-21,Regular Season
1629661,C. Johnson,PHX,13.65,253,2020-21,Regular Season
1628401,D. White,SAS,13.58,283,2020-21,Regular Season
1630172,P. Williams,CHI,13.55,346,2020-21,Regular Season
1628963,M. Bagley III,SAC,13.54,324,2020-21,Regular Season
1626224,C. Osman,CLE,13.48,295,2020-21,Regular Season
1628977,H. Diallo,OKC,13.39,351,2020-21,Regular Season
1630217,D. Bane,MEM,13.35,274,2020-21,Regular Season
1630177,T. Maledon,OKC,12.94,327,2020-21,Regular Season
201933,B. Griffin,DET,12.79,261,2020-21,Regular Season
201937,R. Rubio,MIN,12.66,323,2020-21,Regular Season
1628971,B. Brown,BKN,12.51,321,2020-21,Regular Season
1629056,T. Davis,TOR,12.5,240,2020-21,Regular Season
203526,R. Neto,WAS,12.44,284,2020-21,Regular Season
1627854,B. Forbes,MIL,12.42,297,2020-21,Regular Season
201587,N. Batum,LAC,12.18,239,2020-21,Regular Season
1630191,I. Stewart,DET,12.04,290,2020-21,Regular Season
1628960,G. Allen,MEM,12.01,252,2020-21,Regular Season
1629004,S. Mykhailiuk,OKC,11.98,246,2020-21,Regular Season
1629659,T. Horton-Tucker,LAL,11.79,323,2020-21,Regular Season
1629013,L. Shamet,BKN,11.57,252,2020-21,Regular Season
1629638,N. Alexander-Walker,NOP,11.48,240,2020-21,Regular Season
203145,K. Bazemore,GSW,11.46,229,2020-21,Regular Season
1630202,P. Pritchard,BOS,11.33,224,2020-21,Regular Season
203110,D. Green,GSW,11.29,240,2020-21,Regular Season
1628420,M. Morris,DEN,11.11,244,2020-21,Regular Season
1626192,P. Connaughton,MIL,11.07,199,2020-21,Regular Season
200794,P. Millsap,DEN,10.95,262,2020-21,Regular Season
1629673,J. Poole,GSW,10.89,310,2020-21,Regular Season
1628988,A. Holiday,IND,10.81,238,2020-21,Regular Season
1629001,D. Melton,MEM,10.64,213,2020-21,Regular Season
1629026,K. Williams,OKC,10.61,255,2020-21,Regular Season
203469,C. Zeller,CHA,10.51,266,2020-21,Regular Season
203500,S. Adams,NOP,10.48,249,2020-21,Regular Season
202066,G. Temple,CHI,10.26,198,2020-21,Regular Season
1628370,M. Monk,CHA,10.26,232,2020-21,Regular Season
1629676,I. Roby,OKC,10.13,294,2020-21,Regular Season
203920,K. Birch,ORL,10.1,280,2020-21,Regular Season
1626145,T. Jones,MEM,10.05,219,2020-21,Regular Season
201143,A. Horford,OKC,10.05,180,2020-21,Regular Season
1627884,D. Jones Jr.,POR,9.97,206,2020-21,Regular Season
1629014,A. Simons,POR,9.96,214,2020-21,Regular Season
1628410,E. Sumner,IND,9.95,216,2020-21,Regular Season
1626166,C. Payne,PHX,9.93,241,2020-21,Regular Season
1629611,T. Mann,LAC,9.93,256,2020-21,Regular Season
201569,E. Gordon,HOU,9.92,253,2020-21,Regular Season
203210,J. Green,DEN,9.86,219,2020-21,Regular Season
1627788,F. Korkmaz,PHI,9.84,230,2020-21,Regular Season
1629057,R. Williams III,BOS,9.82,230,2020-21,Regular Season
202709,C. Joseph,SAC,9.82,272,2020-21,Regular Season
1626220,R. O'Neale,UTA,9.79,214,2020-21,Regular Season
1628379,L. Kennard,LAC,9.75,223,2020-21,Regular Season
201599,D. Jordan,BKN,9.62,236,2020-21,Regular Season
201586,S. Ibaka,LAC,9.58,229,2020-21,Regular Season
1627814,D. Lee,GSW,9.54,168,2020-21,Regular Season
1627777,G. Niang,UTA,9.42,199,2020-21,Regular Season
202684,T. Thompson,BOS,9.41,240,2020-21,Regular Season
203458,A. Len,TOR,9.38,244,2020-21,Regular Season
203087,J. Lamb,IND,9.32,191,2020-21,Regular Season
1629637,J. Hayes,NOP,9.32,268,2020-21,Regular Season
201961,W. Ellington,DET,9.31,177,2020-21,Regular Season
203994,J. Nurkić,POR,9.29,240,2020-21,Regular Season
1629655,D. Gafford,CHI,9.25,226,2020-21,Regular Season
2730,D. Howard,PHI,9.17,299,2020-21,Regular Season
1628404,J. Hart,NOP,9.11,220,2020-21,Regular Season
203914,G. Harris,DEN,9.1,202,2020-21,Regular Season
200746,L. Aldridge,SAS,9.04,181,2020-21,Regular Season
201949,J. Johnson,DAL,9.0,191,2020-21,Regular Season
202693,M. Morris,LAL,8.97,189,2020-21,Regular Season
201952,J. Teague,BOS,8.87,212,2020-21,Regular Season
203107,T. Satoransky,CHI,8.86,236,2020-21,Regular Season
1629645,K. Porter Jr.,HOU,8.84,225,2020-21,Regular Season
1630214,X. Tillman,MEM,8.59,201,2020-21,Regular Season
1628467,M. Kleber,DAL,8.58,150,2020-21,Regular Season
1627936,A. Caruso,LAL,8.57,182,2020-21,Regular Season
1630183,J. McDaniels,MIN,8.56,191,2020-21,Regular Season
203967,D. Šarić,PHX,8.55,237,2020-21,Regular Season
1628402,F. Jackson,DET,8.5,195,2020-21,Regular Season
1627756,D. Valentine,CHI,8.5,171,2020-21,Regular Season
1630197,A. Pokusevski,OKC,8.46,170,2020-21,Regular Season
201571,D. Augustin,MIL,8.34,220,2020-21,Regular Season
203504,T. Burke,DAL,8.23,202,2020-21,Regular Season
1629643,C. Okeke,ORL,8.15,165,2020-21,Regular Season
1628425,S. Brown,HOU,8.13,175,2020-21,Regular Season
203488,M. Muscala,OKC,8.02,152,2020-21,Regular Season
1626195,W. Hernangomez,NOP,7.94,213,2020-21,Regular Season
1628408,P. Dozier,DEN,7.87,190,2020-21,Regular Season
200755,J. Redick,NOP,7.84,155,2020-21,Regular Season
1627823,J. Hernangomez,MIN,7.8,189,2020-21,Regular Season
1629020,J. Vanderbilt,MIN,7.78,199,2020-21,Regular Season
1630164,J. Wiseman,GSW,7.78,245,2020-21,Regular Season
1629631,D. Hunter,ATL,7.67,193,2020-21,Regular Season
1629672,E. Paschall,GSW,7.62,215,2020-21,Regular Season
1627752,T. Prince,BKN,7.61,196,2020-21,Regular Season
1630267,F. Campazzo,DEN,7.58,199,2020-21,Regular Season
1630178,T. Maxey,PHI,7.57,259,2020-21,Regular Season
203516,J. Ennis III,ORL,7.56,185,2020-21,Regular Season
203457,N. Noel,NYK,7.53,187,2020-21,Regular Season
1630231,K. Martin,HOU,7.45,222,2020-21,Regular Season
1626204,L. Nance Jr.,CLE,7.38,158,2020-21,Regular Season
1627789,T. Luwawu-Cabarrot,BKN,7.37,165,2020-21,Regular Season
1629669,J. Nowell,MIN,7.35,187,2020-21,Regular Season
203382,A. Baynes,TOR,7.22,163,2020-21,Regular Season
201580,J. McGee,CLE,7.21,187,2020-21,Regular Season
202326,D. Cousins,HOU,7.19,189,2020-21,Regular Season
1629006,J. Okogie,MIN,7.18,185,2020-21,Regular Season
1630201,M. Flynn,TOR,7.06,172,2020-21,Regular Season
202687,B. Biyombo,CHA,7.03,189,2020-21,Regular Season
1629731,D. Wade,CLE,7.02,164,2020-21,Regular Season
203939,D. Powell,DAL,7.01,217,2020-21,Regular Season
201567,K. Love,CLE,7.01,145,2020-21,Regular Season
1629667,J. McDaniels,CHA,7.01,178,2020-21,Regular Season
1627863,D. House Jr.,HOU,7.0,151,2020-21,Regular Season
202083,W. Matthews,LAL,6.99,124,2020-21,Regular Season
1628422,D. Dotson,CLE,6.93,143,2020-21,Regular Season
1629726,G. Mathews,WAS,6.92,181,2020-21,Regular Season
1626163,F. Kaminsky,PHX,6.87,158,2020-21,Regular Season
203490,O. Porter Jr.,CHI,6.87,134,2020-21,Regular Season
1630166,D. Avdija,WAS,6.87,159,2020-21,Regular Season
202954,B. Wanamaker,GSW,6.83,205,2020-21,Regular Season
202397,I. Smith,WAS,6.82,148,2020-21,Regular Season
1629629,C. Reddish,ATL,6.72,163,2020-21,Regular Season
1628964,M. Bamba,ORL,6.7,187,2020-21,Regular Season
1630184,K. Lewis Jr.,NOP,6.7,173,2020-21,Regular Season
202324,D. Favors,UTA,6.63,214,2020-21,Regular Season
203524,S. Hill,ATL,6.61,142,2020-21,Regular Season
203085,A. Rivers,NYK,6.6,126,2020-21,Regular Season
203463,B. McLemore,HOU,6.57,172,2020-21,Regular Season
1629650,M. Brown,OKC,6.51,224,2020-21,Regular Season
201588,G. Hill,OKC,6.43,135,2020-21,Regular Season
1630230,N. Marshall,NOP,6.41,135,2020-21,Regular Season
2738,A. Iguodala,MIA,6.4,120,2020-21,Regular Season
1630170,D. Vassell,SAS,6.39,166,2020-21,Regular Season
203503,T. Snell,ATL,6.36,99,2020-21,Regular Season
1629308,J. Toscano-Anderson,GSW,6.34,143,2020-21,Regular Season
202355,H. Whiteside,SAC,6.23,167,2020-21,Regular Season
1626161,W. Cauley-Stein,DAL,6.22,164,2020-21,Regular Season
1629684,G. Williams,BOS,6.15,138,2020-21,Regular Season
2772,T. Ariza,MIA,6.15,133,2020-21,Regular Season
1629021,M. Wagner,WAS,6.13,175,2020-21,Regular Season
1630173,P. Achiuwa,MIA,6.13,180,2020-21,Regular Season
1627761,D. Bembry,TOR,5.92,162,2020-21,Regular Season
203918,R. Hood,POR,5.9,118,2020-21,Regular Season
1629660,T. Jerome,OKC,5.87,154,2020-21,Regular Season
1629635,S. Doumbouya,DET,5.86,152,2020-21,Regular Season
201976,P. Beverley,LAC,5.82,129,2020-21,Regular Season
203487,M. Carter-Williams,ORL,5.81,154,2020-21,Regular Season
1628470,T. Craig,PHX,5.77,126,2020-21,Regular Season
1626169,S. Johnson,TOR,5.68,133,2020-21,Regular Season
201959,T. Gibson,NYK,5.68,138,2020-21,Regular Season
201188,M. Gasol,LAL,5.64,124,2020-21,Regular Season
1626184,C. Randle,ORL,5.6,130,2020-21,Regular Season
1626172,K. Looney,GSW,5.59,139,2020-21,Regular Season
1630181,R. Hampton,DEN,5.55,191,2020-21,Regular Season
1628021,D. Nwaba,HOU,5.52,153,2020-21,Regular Season
1629011,M. Robinson,NYK,5.49,141,2020-21,Regular Season
1628382,J. Jackson,OKC,5.36,120,2020-21,Regular Season
202357,N. Bjelica,SAC,5.35,126,2020-21,Regular Season
200765,R. Rondo,ATL,5.32,111,2020-21,Regular Season
1629048,G. Bitadze,IND,5.14,128,2020-21,Regular Season
1628400,S. Ojeleye,BOS,5.05,113,2020-21,Regular Season
1628997,C. Martin,CHA,5.05,137,2020-21,Regular Season
1629002,C. Metu,SAC,4.94,122,2020-21,Regular Season
1630167,O. Toppin,NYK,4.93,123,2020-21,Regular Season
1628396,T. Bradley,PHI,4.93,169,2020-21,Regular Season
1629234,D. Eubanks,SAS,4.92,193,2020-21,Regular Season
1629680,M. Thybulle,PHI,4.88,110,2020-21,Regular Season
1629651,N. Claxton,BKN,4.86,121,2020-21,Regular Season
1628539,M. Mulder,GSW,4.86,133,2020-21,Regular Season
1628418,T. Bryant,WAS,4.84,75,2020-21,Regular Season
1629162,J. McLaughlin,MIN,4.76,123,2020-21,Regular Season
1627774,J. Layman,MIN,4.67,117,2020-21,Regular Season
1629216,G. Vincent,MIA,4.67,108,2020-21,Regular Season
200782,P. Tucker,HOU,4.66,87,2020-21,Regular Season
1628975,J. Carter,PHX,4.61,98,2020-21,Regular Season
202335,P. Patterson,LAC,4.43,85,2020-21,Regular Season
203090,M. Harkless,MIA,4.39,102,2020-21,Regular Season
1629139,Y. Watanabe,TOR,4.33,103,2020-21,Regular Season
1630240,S. Lee,DET,4.32,160,2020-21,Regular Season
1628392,I. Hartenstein,DEN,4.29,140,2020-21,Regular Season
1630168,O. Okongwu,ATL,4.25,132,2020-21,Regular Season
202734,E. Moore,PHX,4.21,67,2020-21,Regular Season
203476,G. Dieng,MEM,4.12,143,2020-21,Regular Season
1629164,B. Goodwin,ATL,4.12,112,2020-21,Regular Season
1629622,M. Strus,MIA,4.05,100,2020-21,Regular Season
1628991,J. Jackson Jr.,MEM,4.01,88,2020-21,Regular Season
1629052,O. Brissett,IND,3.93,123,2020-21,Regular Season
204038,L. Galloway,PHX,3.9,88,2020-21,Regular Season
1629717,A. Brooks,HOU,3.88,85,2020-21,Regular Season
204020,T. Johnson,BKN,3.87,90,2020-21,Regular Season
1628998,C. Martin,CHA,3.8,107,2020-21,Regular Season
1630174,A. Nesmith,BOS,3.78,100,2020-21,Regular Season
1626159,J. Winslow,MEM,3.56,94,2020-21,Regular Season
1629723,J. Konchar,MEM,3.48,94,2020-21,Regular Season
203118,M. Scott,PHI,3.41,84,2020-21,Regular Season
1629633,J. Culver,MIN,3.37,98,2020-21,Regular Season
1626143,J. Okafor,DET,3.33,80,2020-21,Regular Season
1628372,D. Smith Jr.,NYK,3.3,77,2020-21,Regular Season
1630165,K. Hayes,DET,3.29,85,2020-21,Regular Season
1630205,L. Stevens,CLE,3.25,99,2020-21,Regular Season
202340,A. Bradley,MIA,3.1,76,2020-21,Regular Season
1627745,D. Jones,PHX,3.05,112,2020-21,Regular Season
1626246,B. Marjanović,DAL,3.04,93,2020-21,Regular Season
1628972,T. Brown Jr.,WAS,3.02,77,2020-21,Regular Season
1629642,N. Little,POR,2.85,114,2020-21,Regular Season
1627846,A. Nader,PHX,2.8,85,2020-21,Regular Season
1629685,D. Windler,CLE,2.79,78,2020-21,Regular Season
1628995,K. Knox II,NYK,2.79,72,2020-21,Regular Season
203648,T. Antetokounmpo,MIL,2.79,92,2020-21,Regular Season
203960,J. Sampson,IND,2.74,75,2020-21,Regular Season
1628365,M. Fultz,ORL,2.71,58,2020-21,Regular Season
203922,G. Robinson III,SAC,2.66,63,2020-21,Regular Season
1629103,K. Martin,IND,2.65,71,2020-21,Regular Season
1628391,D. Wilson,MIL,2.62,85,2020-21,Regular Season
1627853,R. Arcidiacono,CHI,2.61,62,2020-21,Regular Season
1629750,J. Green,BOS,2.58,83,2020-21,Regular Season
1629076,T. Cook,DET,2.56,86,2020-21,Regular Season
1626168,T. Lyles,SAS,2.55,58,2020-21,Regular Season
203473,D. Dedmon,MIA,2.51,66,2020-21,Regular Season
1629713,J. James,SAC,2.48,73,2020-21,Regular Season
1628436,L. Kornet,CHI,2.4,47,2020-21,Regular Season
1629109,G. Clark,ORL,2.34,48,2020-21,Regular Season
1629599,A. Coffey,LAC,2.31,72,2020-21,Regular Season
1630222,M. Jones,HOU,2.28,92,2020-21,Regular Season
1628990,C. Hutchison,CHI,2.28,60,2020-21,Regular Season
1629740,N. Melli,NOP,2.19,65,2020-21,Regular Season
1630273,F. Gillespie,TOR,2.19,67,2020-21,Regular Season
202329,A. Aminu,ORL,2.15,56,2020-21,Regular Season
1628966,K. Bates-Diop,SAS,2.14,44,2020-21,Regular Season
1628455,A. James,BKN,1.99,55,2020-21,Regular Season
1628373,F. Ntilikina,NYK,1.98,37,2020-21,Regular Season
1630223,J. Harris,TOR,1.97,43,2020-21,Regular Season
1629670,J. Nwora,MIL,1.91,81,2020-21,Regular Season
1628778,P. Watson,TOR,1.79,43,2020-21,Regular Season
1629644,K. Okpala,MIA,1.75,44,2020-21,Regular Season
1630192,Z. Nnaji,DEN,1.75,62,2020-21,Regular Season
1630233,N. Knight,ATL,1.74,81,2020-21,Regular Season
1629610,D. Jeffries,SAC,1.72,57,2020-21,Regular Season
203585,R. McGruder,DET,1.67,43,2020-21,Regular Season
1629035,C. Edwards,BOS,1.66,58,2020-21,Regular Season
1630237,A. Lamb,HOU,1.66,64,2020-21,Regular Season
1628411,W. Iwundu,DAL,1.64,60,2020-21,Regular Season
1630221,J. Hall,OKC,1.63,52,2020-21,Regular Season
1630198,I. Joe,PHI,1.59,66,2020-21,Regular Season
1629649,I. Brazdeikis,NYK,1.59,45,2020-21,Regular Season
1629010,J. Robinson,WAS,1.58,44,2020-21,Regular Season
1630185,N. Mannion,GSW,1.52,62,2020-21,Regular Season
203121,D. Miller,OKC,1.51,34,2020-21,Regular Season
1629067,I. Bonga,WAS,1.49,35,2020-21,Regular Season
1629658,J. Hoard,OKC,1.49,72,2020-21,Regular Season
1628035,A. McKinnie,LAL,1.44,58,2020-21,Regular Season
1629744,M. Thomas,TOR,1.44,62,2020-21,Regular Season
1629677,L. Samanic,SAS,1.43,63,2020-21,Regular Season
203933,T. Warren,IND,1.4,35,2020-21,Regular Season
1629641,R. Langford,BOS,1.39,30,2020-21,Regular Season
1629017,K. Thomas,HOU,1.39,41,2020-21,Regular Season
1630466,G. Deck,OKC,1.36,50,2020-21,Regular Season
1630264,A. Gill,WAS,1.36,43,2020-21,Regular Season
1630271,B. Thomas,HOU,1.34,70,2020-21,Regular Season
1629682,T. Waters,BOS,1.33,50,2020-21,Regular Season
1628427,V. Čančar,DEN,1.32,43,2020-21,Regular Season
1630210,M. Howard,DEN,1.31,47,2020-21,Regular Season
1629117,W. Gabriel,NOP,1.29,35,2020-21,Regular Season
203953,J. Parker,BOS,1.26,40,2020-21,Regular Season
1627885,S. Harrison,UTA,1.25,44,2020-21,Regular Season
1630219,S. Mays,ATL,1.19,66,2020-21,Regular Season
1629681,K. Tillie,MEM,1.19,28,2020-21,Regular Season
1629185,C. Chiozza,BKN,1.18,44,2020-21,Regular Season
1629657,K. Guy,SAC,1.17,45,2020-21,Regular Season
1630235,T. Forrest,UTA,1.15,51,2020-21,Regular Season
1628383,J. Patton,HOU,1.14,32,2020-21,Regular Season
1628993,A. Johnson,BKN,1.13,53,2020-21,Regular Season
1630182,J. Green,DAL,1.11,55,2020-21,Regular Season
1627812,Y. Ferrell,CLE,1.1,27,2020-21,Regular Season
1629663,L. King,SAC,1.05,23,2020-21,Regular Season
1629662,M. Kabengele,LAC,1.02,49,2020-21,Regular Season
202334,E. Davis,MIN,0.96,29,2020-21,Regular Season
101141,E. Ilyasova,UTA,0.95,26,2020-21,Regular Season
1630200,T. Jones,SAS,0.94,54,2020-21,Regular Season
1629751,D. Mathias,PHI,0.87,21,2020-21,Regular Season
1629603,M. Diakite,MIL,0.87,27,2020-21,Regular Season
1628385,H. Giles III,POR,0.86,58,2020-21,Regular Season
1628419,C. Oliver,HOU,0.86,20,2020-21,Regular Season
1629606,R. Franks,ORL,0.82,25,2020-21,Regular Season
1629617,R. Perry,BKN,0.82,42,2020-21,Regular Season
203521,M. Dellavedova,CLE,0.82,18,2020-21,Regular Season
1629671,M. Oni,UTA,0.81,40,2020-21,Regular Season
1630206,J. Scrubb,LAC,0.79,19,2020-21,Regular Season
1630241,S. Merrill,MIL,0.71,36,2020-21,Regular Season
1626188,Q. Cook,LAL,0.69,36,2020-21,Regular Season
1629743,D. Hall,ORL,0.69,48,2020-21,Regular Season
1630186,J. Ramsey,SAC,0.66,20,2020-21,Regular Season
1630194,P. Reed,PHI,0.61,46,2020-21,Regular Season
1629683,Q. Weatherspoon,SAS,0.59,29,2020-21,Regular Season
1629648,J. Bone,ORL,0.58,23,2020-21,Regular Season
1630188,J. Smith,PHX,0.57,27,2020-21,Regular Season
1630176,V. Carey Jr.,CHA,0.49,27,2020-21,Regular Season
1629686,D. Sirvydis,DET,0.49,17,2020-21,Regular Season
1628981,B. Fernando,ATL,0.48,33,2020-21,Regular Season
1630187,D. Oturu,LAC,0.47,31,2020-21,Regular Season
203957,D. Exum,CLE,0.47,11,2020-21,Regular Season
1629718,C. Brown Jr.,OKC,0.36,22,2020-21,Regular Season
1629091,E. Bryant,MIL,0.36,9,2020-21,Regular Season
1630216,C. Winston,WAS,0.36,19,2020-21,Regular Season
1629735,C. Silva,MIA,0.36,21,2020-21,Regular Season
1630253,S. McDermott,MEM,0.34,21,2020-21,Regular Season
1626178,R. Hollis-Jefferson,POR,0.34,18,2020-21,Regular Season
1626245,C. Felicio,CHI,0.33,16,2020-21,Regular Season
1629752,J. Morgan,UTA,0.33,17,2020-21,Regular Season
1628414,S. Thornwell,NOP,0.32,19,2020-21,Regular Season
203658,N. Pelle,BKN,0.32,12,2020-21,Regular Season
1629626,B. Bol,DEN,0.31,35,2020-21,Regular Season
1629653,D. Dotson,CHI,0.3,11,2020-21,Regular Season
1629007,J. Porter,MEM,0.29,11,2020-21,Regular Season
1629605,T. Fall,BOS,0.28,26,2020-21,Regular Season
203915,S. Dinwiddie,BKN,0.27,12,2020-21,Regular Season
204025,T. Frazier,MEM,0.26,5,2020-21,Regular Season
202738,I. Thomas,NOP,0.26,11,2020-21,Regular Season
1629244,C. Reynolds,SAS,0.24,6,2020-21,Regular Season
201229,A. Tolliver,PHI,0.24,9,2020-21,Regular Season
1627780,G. Payton II,GSW,0.23,13,2020-21,Regular Season
2760,A. Varejao,CLE,0.23,9,2020-21,Regular Season
1628395,J. Bell,WAS,0.23,8,2020-21,Regular Season
1629719,D. Cacok,LAL,0.23,22,2020-21,Regular Season
1629620,J. Robinson,OKC,0.23,10,2020-21,Regular Season
1628412,F. Mason III,ORL,0.21,14,2020-21,Regular Season
1627748,T. Maker,CLE,0.21,20,2020-21,Regular Season
203086,M. Leonard,MIA,0.18,4,2020-21,Regular Season
1629962,D. Cannady,ORL,0.17,17,2020-21,Regular Season
1629604,C. Elleby,POR,0.17,36,2020-21,Regular Season
1630199,C. Stanley,IND,0.16,20,2020-21,Regular Season
1629346,A. Smailagic,GSW,0.16,13,2020-21,Regular Season
1629725,J. Martin,CLE,0.15,10,2020-21,Regular Season
1629730,R. Tucker,PHI,0.15,23,2020-21,Regular Season
1629712,D. Louzada,NOP,0.14,3,2020-21,Regular Season
1627737,M. Chriss,GSW,0.13,7,2020-21,Regular Season
1627740,H. Ellenson,TOR,0.12,8,2020-21,Regular Season
1629714,J. Brantley,UTA,0.11,27,2020-21,Regular Season
1629690,A. Mokoka,CHI,0.1,6,2020-21,Regular Season
1630268,N. Darling,CHA,0.08,5,2020-21,Regular Season
203460,A. Roberson,BKN,0.07,3,2020-21,Regular Season
1629034,R. Spalding,HOU,0.07,2,2020-21,Regular Season
1626253,A. Toupane,MIL,0.06,9,2020-21,Regular Season
2617,U. Haslem,MIA,0.05,2,2020-21,Regular Season
202697,I. Shumpert,BKN,0.05,1,2020-21,Regular Season
1630211,K. Mane,ORL,0.05,7,2020-21,Regular Season
1629066,R. Kurucs,BKN,0.05,14,2020-21,Regular Season
1627739,K. Dunn,ATL,0.05,4,2020-21,Regular Season
1630218,R. Woodard II,SAC,0.05,11,2020-21,Regular Season
1630179,T. Terry,DAL,0.04,6,2020-21,Regular Season
203263,J. Nunnally,NOP,0.03,6,2020-21,Regular Season
1627775,P. McCaw,TOR,0.03,4,2020-21,Regular Season
1628961,K. Antetokounmpo,LAL,0.02,9,2020-21,Regular Season
1630207,N. Hinton,DAL,0.02,22,2020-21,Regular Season
203998,B. Caboclo,HOU,0.01,9,2020-21,Regular Season
1630189,T. Bey,DAL,0.01,10,2020-21,Regular Season
1629833,K. Blevins,POR,0.0,5,2020-21,Regular Season
1629665,J. Lecque,IND,0.0,4,2020-21,Regular Season
1628968,B. Bowen II,IND,0.0,2,2020-21,Regular Season
1629033,T. Pinson,NYK,0.0,1,2020-21,Regular Season
1630190,E. Hughes,UTA,0.0,13,2020-21,Regular Season
1629121,J. Adams,MIL,0.0,1,2020-21,Regular Season
1628962,U. Azubuike,UTA,0.0,12,2020-21,Regular Season
1629716,M. Bolden,CLE,0.0,6,2020-21,Regular Season
1630203,G. Riller,CHA,0.0,8,2020-21,Regular Season
1628388,T. Leaf,POR,0.0,7,2020-21,Regular Season
1628578,A. Brimah,IND,0.0,8,2020-21,Regular Season
1628390,T. Ferguson,PHI,0.0,1,2020-21,Regular Season
1630208,N. Richards,CHA,0.0,11,2020-21,Regular Season
1629607,J. Harper,NYK,0.0,3,2020-21,Regular Season
1630238,M. Fitts,LAC,0.0,1,2020-21,Regular Season
1629738,V. Poirier,PHI,0.0,5,2020-21,Regular Season
1630234,T. Alexander,PHX,0.0,4,2020-21,Regular Season
201162,J. Dudley,LAL,0.0,2,2020-21,Regular Season
